trip_id,year,month,day,transect_site,stat_area,sub_area,lat_start,lon_start,lat_end,lon_end,time_in,time_out,min_of_cor_depth_m,max_of_cor_depth_m,num_quadrats,num_pycno,x18,presence,source,lat,lon,depth,num_surveys,multiple_surveys
3,2018,9,1,12077,12,13,50.838466,-127.560183,50.838166,-127.560683,2018-09-01 14:34,2018-09-01 15:24,-3,12,18,0,NA,0,multi,50.838466,-127.560183,12,1,0
3,2018,9,1,12089,12,13,50.839566,-127.552233,50.8393,-127.551966,2018-09-01 12:38,2018-09-01 13:59,-3,12,25,1,NA,1,multi,50.839566,-127.552233,12,1,0
3,2018,9,1,12091,12,13,50.8399,-127.537733,50.8395,-127.537583,2018-09-01 8:02,2018-09-01 9:40,-1,12,25,1,NA,1,multi,50.8399,-127.537733,12,1,0
3,2018,9,1,12095,12,13,50.840616,-127.555983,50.84055,-127.556116,2018-09-01 10:35,2018-09-01 11:41,-2,12,21,0,NA,0,multi,50.840616,-127.555983,12,1,0
3,2018,9,2,12065,12,13,50.831416,-127.592,50.831716,-127.5917,2018-09-02 15:40,2018-09-02 16:45,-3,13,23,0,NA,0,multi,50.831416,-127.592,13,1,0
3,2018,9,2,12076,12,13,50.8398,-127.567833,50.838783,-127.56865,2018-09-02 13:40,2018-09-02 14:59,5,10,27,1,NA,1,multi,50.8398,-127.567833,10,1,0
3,2018,9,2,12075,12,13,50.84295,-127.577183,50.842033,-127.578033,2018-09-02 12:03,2018-09-02 12:56,0,2,20,0,NA,0,multi,50.84295,-127.577183,2,1,0
3,2018,9,2,12071,12,13,50.848133,-127.583716,50.847533,-127.584483,2018-09-02 10:00,2018-09-02 10:55,-1,12,23,0,NA,0,multi,50.848133,-127.583716,12,1,0
3,2018,9,2,12070,12,13,50.851416,-127.5896,50.851183,-127.589716,2018-09-02 7:50,2018-09-02 8:56,-2,12,19,1,NA,1,multi,50.851416,-127.5896,12,1,0
3,2018,9,3,12067,12,13,50.839033,-127.5943,50.839333,-127.592716,2018-09-03 9:55,2018-09-03 11:14,-2,8,25,5,NA,1,multi,50.839033,-127.5943,8,1,0
3,2018,9,3,12069,12,13,50.84705,-127.5926,50.8467,-127.59235,2018-09-03 7:52,2018-09-03 9:02,-2,13,24,1,NA,1,multi,50.84705,-127.5926,13,1,0
4,2019,9,3,4084,4,9,54.056033,-130.4403,54.0559,-130.441466,2019-09-03 11:15,2019-09-03 11:49,-2,5,19,0,NA,0,multi,54.056033,-130.4403,5,1,0
4,2019,9,3,4079,4,4,54.056366,-130.553483,54.05625,-130.552816,2019-09-03 15:31,2019-09-03 16:30,-2,3,24,0,NA,0,multi,54.056366,-130.553483,3,1,0
4,2019,9,3,4083,4,9,54.059866,-130.4405,54.0609,-130.44105,2019-09-03 11:11,2019-09-03 12:17,-1,11,25,2,NA,1,multi,54.059866,-130.4405,11,1,0
4,2019,9,3,4080,4,9,54.068833,-130.491883,54.06805,-130.490866,2019-09-03 14:16,2019-09-03 14:59,-1,1,25,0,NA,0,multi,54.068833,-130.491883,1,1,0
4,2019,9,3,4082,4,9,54.07215,-130.446116,54.071966,-130.446566,2019-09-03 12:20,2019-09-03 13:22,-2,11,25,2,NA,1,multi,54.07215,-130.446116,11,1,0
4,2019,9,3,4081,4,9,54.083266,-130.4484,54.083266,-130.447766,2019-09-03 11:11,2019-09-03 12:17,-2,11,25,0,NA,0,multi,54.083266,-130.4484,11,1,0
1,2016,9,4,12006,12,10,50.866116,-127.452316,50.866483,-127.452666,2016-09-04 8:26,2016-09-04 9:26,-1,12,20,0,NA,0,multi,50.866116,-127.452316,12,1,0
1,2016,9,4,12007,12,13,50.86785,-127.463283,50.868,-127.4628,2016-09-04 8:25,2016-09-04 9:25,-2,13,26,3,NA,1,multi,50.86785,-127.463283,13,1,0
1,2016,9,4,12002,12,13,50.870066,-127.486766,50.870166,-127.486666,2016-09-04 14:39,2016-09-04 15:31,-2,10,18,0,NA,0,multi,50.870066,-127.486766,10,1,0
1,2016,9,4,12003,12,13,50.8702,-127.449766,50.870283,-127.449666,2016-09-04 10:15,2016-09-04 11:40,-1,12,26,0,NA,0,multi,50.8702,-127.449766,12,1,0
1,2016,9,4,12022,12,13,50.870316,-127.480983,50.87125,-127.480783,2016-09-04 14:05,2016-09-04 15:06,-2,12,24,1,NA,1,multi,50.870316,-127.480983,12,1,0
1,2016,9,4,12001,12,13,50.870316,-127.4472,50.8702,-127.447566,2016-09-04 10:20,2016-09-04 11:20,-2,12,18,0,NA,0,multi,50.870316,-127.4472,12,1,0
1,2016,9,4,12008,12,13,50.8717,-127.47045,50.871733,-127.470316,2016-09-04 12:28,2016-09-04 13:10,-2,12,19,0,NA,0,multi,50.8717,-127.47045,12,1,0
1,2016,9,4,12021,12,13,50.871766,-127.47555,50.8728,-127.476433,2016-09-04 12:43,2016-09-04 13:50,0,12,25,0,NA,0,multi,50.871766,-127.47555,12,1,0
2,2017,9,4,20015,20,5,48.3375,-123.69865,48.3382,-123.69855,2017-09-04 14:25,2017-09-04 15:35,-2,12,21,0,NA,0,multi,48.3375,-123.69865,12,1,0
2,2017,9,4,20016,20,5,48.338383,-123.711066,48.338816,-123.711416,2017-09-04 11:53,2017-09-04 12:31,-2,12,22,0,NA,0,multi,48.338383,-123.711066,12,1,0
2,2017,9,4,20024,20,6,48.3394,-123.71525,48.339416,-123.7142,2017-09-04 13:48,2017-09-04 14:40,-1,12,18,0,NA,0,multi,48.3394,-123.71525,12,1,0
2,2017,9,4,20017,20,6,48.34665,-123.71685,48.34655,-123.716133,2017-09-04 12:17,2017-09-04 13:33,-1,4,21,0,NA,0,multi,48.34665,-123.71685,4,1,0
2,2017,9,4,20025,20,6,48.353116,-123.731033,48.354033,-123.731883,2017-09-04 10:41,2017-09-04 11:28,-1,3,26,2,NA,1,multi,48.353116,-123.731033,3,1,0
2,2017,9,4,20029,20,5,48.3581,-123.8147,48.35915,-123.814933,2017-09-04 8:44,2017-09-04 9:39,0,12,23,2,NA,1,multi,48.3581,-123.8147,12,1,0
2,2017,9,4,20028,20,5,48.363116,-123.7891,48.364116,-123.78895,2017-09-04 10:05,2017-09-04 10:48,0,12,22,0,NA,0,multi,48.363116,-123.7891,12,1,0
2,2017,9,4,20030,20,5,48.36725,-123.835433,48.367666,-123.8339,2017-09-04 8:49,2017-09-04 9:21,0,8,25,0,NA,0,multi,48.36725,-123.835433,8,1,0
4,2019,9,4,4040,4,2,54.064,-130.5874,54.064933,-130.586616,2019-09-04 8:21,2019-09-04 9:24,-3,4,22,0,NA,0,multi,54.064,-130.5874,4,1,0
4,2019,9,4,4041,4,2,54.0914,-130.645783,54.092083,-130.646783,2019-09-04 8:01,2019-09-04 8:38,-4,4,23,0,NA,0,multi,54.0914,-130.645783,4,1,0
4,2019,9,4,4044,4,2,54.096116,-130.694166,54.095933,-130.692483,2019-09-04 10:58,2019-09-04 11:38,-1,1,19,0,NA,0,multi,54.096116,-130.694166,1,1,0
4,2019,9,4,4043,4,2,54.101283,-130.667383,54.10175,-130.666866,2019-09-04 10:15,2019-09-04 11:27,-2,12,22,0,NA,0,multi,54.101283,-130.667383,12,1,0
4,2019,9,4,4042,4,2,54.10425,-130.656033,54.10525,-130.655966,2019-09-04 9:18,2019-09-04 9:57,-2,5,25,0,NA,0,multi,54.10425,-130.656033,5,1,0
4,2019,9,4,4045,4,2,54.113533,-130.706483,54.113683,-130.706733,2019-09-04 12:40,2019-09-04 13:20,-2,11,14,0,NA,0,multi,54.113533,-130.706483,11,1,0
4,2019,9,4,4046,4,2,54.117316,-130.715666,54.117833,-130.714266,2019-09-04 12:30,2019-09-04 13:38,0,9,25,0,NA,0,multi,54.117316,-130.715666,9,1,0
4,2019,9,4,4048,4,2,54.124666,-130.772816,54.124833,-130.7727,2019-09-04 14:30,2019-09-04 15:35,1,12,24,1,NA,1,multi,54.124666,-130.772816,12,1,0
4,2019,9,4,4049,4,2,54.1338,-130.791833,54.133733,-130.79205,2019-09-04 14:25,2019-09-04 15:26,-2,12,21,2,NA,1,multi,54.1338,-130.791833,12,1,0
1,2016,9,5,12016,12,13,50.87285,-127.49675,50.872933,-127.496666,2016-09-05 14:10,2016-09-05 14:57,-2,12,25,0,NA,0,multi,50.87285,-127.49675,12,1,0
1,2016,9,5,12024,12,13,50.878033,-127.487616,50.87815,-127.487466,2016-09-05 13:53,2016-09-05 14:45,-2,12,29,2,NA,1,multi,50.878033,-127.487616,12,1,0
1,2016,9,5,12025,12,13,50.8839,-127.4965,50.884,-127.49625,2016-09-05 12:33,2016-09-05 13:15,-3,12,16,2,NA,1,multi,50.8839,-127.4965,12,1,0
1,2016,9,5,12012,12,13,50.885866,-127.478066,50.885566,-127.478366,2016-09-05 8:51,2016-09-05 9:36,-2,12,18,0,NA,0,multi,50.885866,-127.478066,12,1,0
1,2016,9,5,12011,12,13,50.888016,-127.487,50.887866,-127.486983,2016-09-05 11:08,2016-09-05 11:44,-2,12,14,2,NA,1,multi,50.888016,-127.487,12,1,0
1,2016,9,5,12036,12,13,50.88805,-127.479616,50.888083,-127.479533,2016-09-05 10:08,2016-09-05 10:39,-1,12,18,0,NA,0,multi,50.88805,-127.479616,12,1,0
1,2016,9,5,12040,12,13,50.889183,-127.499133,50.88875,-127.498783,2016-09-05 11:33,2016-09-05 12:18,-2,12,21,1,NA,1,multi,50.889183,-127.499133,12,1,0
1,2016,9,5,12042,12,13,50.893966,-127.495266,50.893883,-127.49545,2016-09-05 10:10,2016-09-05 10:51,-1,12,26,0,NA,0,multi,50.893966,-127.495266,12,1,0
1,2016,9,5,12044,12,13,50.894483,-127.4899,50.894033,-127.489233,2016-09-05 8:09,2016-09-05 9:15,2,9,25,2,NA,1,multi,50.894483,-127.4899,9,1,0
2,2017,9,5,20003,20,5,48.312716,-123.589283,48.312816,-123.5894,2017-09-05 13:19,2017-09-05 13:53,-2,1,17,0,NA,0,multi,48.312716,-123.589283,1,1,0
2,2017,9,5,20002,20,5,48.312833,-123.5759,48.313133,-123.575766,2017-09-05 14:09,2017-09-05 15:04,-2,12,18,0,NA,0,multi,48.312833,-123.5759,12,1,0
2,2017,9,5,20018,20,5,48.313116,-123.592416,48.31335,-123.59235,2017-09-05 12:35,2017-09-05 13:20,-2,12,15,1,NA,1,multi,48.313116,-123.592416,12,1,0
2,2017,9,5,20019,20,5,48.31715,-123.660383,48.317483,-123.6599,2017-09-05 10:36,2017-09-05 11:34,-1,12,19,0,NA,0,multi,48.31715,-123.660383,12,1,0
2,2017,9,5,20012,20,5,48.319116,-123.664816,48.319383,-123.664933,2017-09-05 10:49,2017-09-05 11:40,-1,12,20,0,NA,0,multi,48.319116,-123.664816,12,1,0
2,2017,9,5,20020,20,5,48.322933,-123.67185,48.3229,-123.671366,2017-09-05 9:23,2017-09-05 10:01,1,13,18,0,NA,0,multi,48.322933,-123.67185,13,1,0
2,2017,9,5,20010,20,5,48.3235,-123.634016,48.3245,-123.634433,2017-09-05 14:32,2017-09-05 15:02,-2,3,25,0,NA,0,multi,48.3235,-123.634016,3,1,0
2,2017,9,5,20013,20,5,48.3252,-123.670766,48.325183,-123.670666,2017-09-05 8:10,2017-09-05 9:43,-1,6,19,0,NA,0,multi,48.3252,-123.670766,6,1,0
2,2017,9,5,20014,20,5,48.332733,-123.684933,48.332933,-123.684533,2017-09-05 8:01,2017-09-05 8:55,2,12,25,0,NA,0,multi,48.332733,-123.684933,12,1,0
4,2019,9,5,4078,4,9,54.1126,-130.61265,54.112333,-130.61305,2019-09-05 15:12,2019-09-05 16:05,-2,13,24,0,NA,0,multi,54.1126,-130.61265,13,1,0
4,2019,9,5,4050,4,2,54.140166,-130.81455,54.140933,-130.8152,2019-09-05 8:44,2019-09-05 9:20,-3,12,25,0,NA,0,multi,54.140166,-130.81455,12,1,0
4,2019,9,5,4076,4,9,54.143966,-130.64425,54.143483,-130.645816,2019-09-05 13:40,2019-09-05 14:31,-2,5,25,0,NA,0,multi,54.143966,-130.64425,5,1,0
4,2019,9,5,4051,4,2,54.162316,-130.815766,54.1614,-130.814983,2019-09-05 8:04,2019-09-05 8:52,-5,7,25,0,NA,0,multi,54.162316,-130.815766,7,1,0
4,2019,9,5,4052,4,2,54.166116,-130.819666,54.166033,-130.817833,2019-09-05 9:23,2019-09-05 10:27,-1,11,25,1,NA,1,multi,54.166116,-130.819666,11,1,0
4,2019,9,5,4075,4,9,54.17595,-130.704866,54.1753,-130.706316,2019-09-05 14:22,2019-09-05 15:27,-1,5,25,1,NA,1,multi,54.17595,-130.704866,5,1,0
4,2019,9,5,4053,4,2,54.205,-130.794466,54.204766,-130.794066,2019-09-05 10:20,2019-09-05 10:53,-2,11,20,1,NA,1,multi,54.205,-130.794466,11,1,0
4,2019,9,5,4054,4,2,54.208116,-130.81915,54.208183,-130.819333,2019-09-05 11:16,2019-09-05 13:23,-2,11,23,2,NA,1,multi,54.208116,-130.81915,11,1,0
4,2019,9,5,4055,4,2,54.217433,-130.78665,54.2171,-130.78645,2019-09-05 11:46,2019-09-05 12:40,-3,11,22,3,NA,1,multi,54.217433,-130.78665,11,1,0
1,2016,9,6,12004,12,13,50.87275,-127.4506,50.872466,-127.450766,2016-09-06 8:13,2016-09-06 9:03,-2,12,17,5,NA,1,multi,50.87275,-127.4506,12,1,0
1,2016,9,6,12005,12,13,50.872883,-127.456016,50.872533,-127.456416,2016-09-06 10:11,2016-09-06 11:21,-1,12,25,3,NA,1,multi,50.872883,-127.456016,12,1,0
1,2016,9,6,12015,12,13,50.874283,-127.463483,50.873366,-127.464366,2016-09-06 8:12,2016-09-06 9:00,-1,8,25,1,NA,1,multi,50.874283,-127.463483,8,1,0
1,2016,9,6,12014,12,13,50.877216,-127.465283,50.877083,-127.465583,2016-09-06 9:57,2016-09-06 10:40,-2,12,20,3,NA,1,multi,50.877216,-127.465283,12,1,0
1,2016,9,6,12031,12,13,50.87935,-127.467633,50.879016,-127.46805,2016-09-06 11:17,2016-09-06 12:17,-2,12,22,0,NA,0,multi,50.87935,-127.467633,12,1,0
1,2016,9,6,12034,12,13,50.881066,-127.470216,50.881283,-127.471533,2016-09-06 12:18,2016-09-06 13:03,-2,12,23,0,NA,0,multi,50.881066,-127.470216,12,1,0
1,2016,9,6,12035,12,13,50.885033,-127.471,50.885033,-127.471,2016-09-06 13:06,2016-09-06 13:53,-1,12,17,1,NA,1,multi,50.885033,-127.471,12,1,0
1,2016,9,6,12039,12,13,50.8903,-127.47395,50.89035,-127.474983,2016-09-06 13:57,2016-09-06 14:48,-3,12,24,0,NA,0,multi,50.8903,-127.47395,12,1,0
1,2016,9,6,12045,12,13,50.896083,-127.4795,50.89615,-127.479333,2016-09-06 14:43,2016-09-06 15:22,-1,13,18,1,NA,1,multi,50.896083,-127.4795,13,1,0
2,2017,9,6,18021,18,4,48.78055,-123.309566,48.7795,-123.30985,2017-09-06 8:25,2017-09-06 8:57,-2,1,26,0,NA,0,multi,48.78055,-123.309566,1,1,0
2,2017,9,6,18022,18,4,48.794283,-123.312216,48.7944,-123.3105,2017-09-06 13:10,2017-09-06 13:35,-1,2,24,0,NA,0,multi,48.794283,-123.312216,2,1,0
2,2017,9,6,18023,18,4,48.799183,-123.312766,48.799433,-123.31265,2017-09-06 9:41,2017-09-06 10:35,-1,12,14,0,NA,0,multi,48.799183,-123.312766,12,1,0
2,2017,9,6,18030,18,4,48.811883,-123.365566,48.811633,-123.365983,2017-09-06 15:07,2017-09-06 15:43,-2,12,26,1,NA,1,multi,48.811883,-123.365566,12,1,0
2,2017,9,6,18029,18,4,48.819866,-123.373733,48.820816,-123.3743,2017-09-06 14:13,2017-09-06 14:37,-1,9,25,0,NA,0,multi,48.819866,-123.373733,9,1,0
3,2018,9,6,12007,12,13,50.86785,-127.4633,50.868033,-127.4627,2018-09-06 11:32,2018-09-06 12:15,-4,12,17,1,NA,1,multi,50.86785,-127.4633,12,1,0
3,2018,9,6,12022,12,13,50.87015,-127.481016,50.871116,-127.48085,2018-09-06 14:34,2018-09-06 15:30,1,12,25,2,NA,1,multi,50.87015,-127.481016,12,1,0
3,2018,9,6,12001,12,13,50.87035,-127.44725,50.8702,-127.447583,2018-09-06 8:52,2018-09-06 9:36,-2,12,17,0,NA,0,multi,50.87035,-127.44725,12,1,0
3,2018,9,6,12021,12,13,50.871933,-127.47555,50.8728,-127.476466,2018-09-06 12:52,2018-09-06 13:52,-3,11,26,0,NA,0,multi,50.871933,-127.47555,11,1,0
4,2019,9,6,5009,5,10,53.7637,-130.47305,53.763416,-130.472583,2019-09-06 13:50,2019-09-06 14:45,-2,12,21,0,NA,0,multi,53.7637,-130.47305,12,1,0
4,2019,9,6,5010,5,10,53.778983,-130.472366,53.779116,-130.471816,2019-09-06 11:52,2019-09-06 12:43,-3,11,24,2,NA,1,multi,53.778983,-130.472366,11,1,0
4,2019,9,6,5011,5,10,53.780716,-130.5275,53.780783,-130.526966,2019-09-06 8:24,2019-09-06 9:02,-2,12,17,2,NA,1,multi,53.780716,-130.5275,12,1,0
4,2019,9,6,5013,5,10,53.792616,-130.465,53.792866,-130.465783,2019-09-06 13:42,2019-09-06 14:39,-1,11,22,0,NA,0,multi,53.792616,-130.465,11,1,0
4,2019,9,6,5012,5,10,53.79275,-130.4617,53.7926,-130.460183,2019-09-06 11:34,2019-09-06 13:06,-2,11,24,0,NA,0,multi,53.79275,-130.4617,11,1,0
4,2019,9,6,5015,5,10,53.799866,-130.501616,53.800133,-130.501,2019-09-06 10:37,2019-09-06 11:14,-3,11,20,1,NA,1,multi,53.799866,-130.501616,11,1,0
4,2019,9,6,5014,5,10,53.80705,-130.467283,53.8064,-130.467533,2019-09-06 9:58,2019-09-06 10:47,-4,12,21,0,NA,0,multi,53.80705,-130.467283,12,1,0
4,2019,9,6,5016,5,10,53.81665,-130.502833,53.816466,-130.503783,2019-09-06 8:04,2019-09-06 8:57,-3,13,21,2,NA,1,multi,53.81665,-130.502833,13,1,0
2,2017,9,7,18052,18,5,48.816983,-123.230166,48.8165,-123.231183,2017-09-07 13:01,2017-09-07 13:28,-2,12,23,0,NA,0,multi,48.816983,-123.230166,12,1,0
2,2017,9,7,18053,18,5,48.818216,-123.2434,48.819266,-123.243516,2017-09-07 13:52,2017-09-07 14:24,-1,9,25,0,NA,0,multi,48.818216,-123.2434,9,1,0
2,2017,9,7,18031,18,3,48.82265,-123.3892,48.822183,-123.389883,2017-09-07 8:08,2017-09-07 8:50,-1,6,25,0,NA,0,multi,48.82265,-123.3892,6,1,0
2,2017,9,7,18032,18,3,48.827166,-123.400066,48.826966,-123.4004,2017-09-07 9:30,2017-09-07 10:30,-1,12,24,0,NA,0,multi,48.827166,-123.400066,12,1,0
2,2017,9,7,18033,18,3,48.8272,-123.3986,48.82745,-123.398066,2017-09-07 11:02,2017-09-07 12:04,0,12,24,0,NA,0,multi,48.8272,-123.3986,12,1,0
2,2017,9,7,18035,18,3,48.83575,-123.404683,48.8356,-123.404016,2017-09-07 15:11,2017-09-07 15:41,-2,12,21,0,NA,0,multi,48.83575,-123.404683,12,1,0
3,2018,9,7,12005,12,13,50.87285,-127.4558,50.87255,-127.456433,2018-09-07 8:03,2018-09-07 9:06,-2,12,24,1,NA,1,multi,50.87285,-127.4558,12,1,0
3,2018,9,7,12031,12,13,50.879383,-127.46745,50.878933,-127.46805,2018-09-07 9:48,2018-09-07 10:36,-3,12,18,2,NA,1,multi,50.879383,-127.46745,12,1,0
3,2018,9,7,12034,12,13,50.881383,-127.470533,50.881333,-127.471716,2018-09-07 11:29,2018-09-07 12:20,-1,12,25,0,NA,0,multi,50.881383,-127.470533,12,1,0
3,2018,9,7,12035,12,13,50.885033,-127.471,50.885016,-127.470983,2018-09-07 12:57,2018-09-07 13:45,-3,12,23,0,NA,0,multi,50.885033,-127.471,12,1,0
3,2018,9,7,12012,12,13,50.885883,-127.477916,50.885433,-127.478333,2018-09-07 14:25,2018-09-07 15:02,-2,12,20,2,NA,1,multi,50.885883,-127.477916,12,1,0
4,2019,9,7,5001,5,10,53.6739,-130.412816,53.673583,-130.412116,2019-09-07 8:36,2019-09-07 10:06,-4,13,22,0,NA,0,multi,53.6739,-130.412816,13,1,0
4,2019,9,7,5002,5,10,53.7025,-130.392783,53.702533,-130.392866,2019-09-07 8:31,2019-09-07 9:13,-3,12,19,0,NA,0,multi,53.7025,-130.392783,12,1,0
4,2019,9,7,5004,5,10,53.731683,-130.38165,53.7322,-130.38185,2019-09-07 11:17,2019-09-07 12:34,-4,11,23,3,NA,1,multi,53.731683,-130.38165,11,1,0
4,2019,9,7,5003,5,10,53.73565,-130.338583,53.735383,-130.338266,2019-09-07 13:29,2019-09-07 14:15,-4,11,20,0,NA,0,multi,53.73565,-130.338583,11,1,0
4,2019,9,7,5007,5,10,53.74935,-130.447883,53.750133,-130.44715,2019-09-07 10:14,2019-09-07 11:23,-3,12,18,0,NA,0,multi,53.74935,-130.447883,12,1,0
4,2019,9,7,5005,5,10,53.7517,-130.355633,53.750916,-130.355266,2019-09-07 14:49,2019-09-07 15:37,-1,6,25,0,NA,0,multi,53.7517,-130.355633,6,1,0
4,2019,9,7,5008,5,10,53.76245,-130.422916,53.762616,-130.42215,2019-09-07 12:38,2019-09-07 13:15,-4,11,19,2,NA,1,multi,53.76245,-130.422916,11,1,0
4,2019,9,7,5006,5,10,53.782566,-130.36085,53.781516,-130.361233,2019-09-07 14:05,2019-09-07 14:53,-1,7,25,2,NA,1,multi,53.782566,-130.36085,7,1,0
2,2017,9,8,18012,18,6,48.707183,-123.42565,48.707083,-123.424116,2017-09-08 11:20,2017-09-08 12:01,-2,9,25,0,NA,0,multi,48.707183,-123.42565,9,1,0
2,2017,9,8,18014,18,6,48.719616,-123.38365,48.720233,-123.38225,2017-09-08 14:10,2017-09-08 14:56,-2,4,25,4,NA,1,multi,48.719616,-123.38365,4,1,0
2,2017,9,8,18019,18,4,48.7266,-123.30445,48.726516,-123.305066,2017-09-08 9:47,2017-09-08 10:23,-2,12,19,0,NA,0,multi,48.7266,-123.30445,12,1,0
2,2017,9,8,18016,18,6,48.7286,-123.3616,48.729566,-123.362266,2017-09-08 13:06,2017-09-08 13:40,-2,1,25,0,NA,0,multi,48.7286,-123.3616,1,1,0
2,2017,9,8,18018,18,6,48.7325,-123.315666,48.731883,-123.3159,2017-09-08 8:36,2017-09-08 9:16,-3,13,22,0,NA,0,multi,48.7325,-123.315666,13,1,0
3,2018,9,8,12002,12,13,50.870033,-127.486733,50.870166,-127.486666,2018-09-08 7:59,2018-09-08 8:52,-1,13,24,1,NA,1,multi,50.870033,-127.486733,13,1,0
3,2018,9,8,12016,12,13,50.8729,-127.496733,50.872916,-127.496733,2018-09-08 12:59,2018-09-08 13:38,-2,12,21,0,NA,0,multi,50.8729,-127.496733,12,1,0
3,2018,9,8,12023,12,13,50.87365,-127.48785,50.874216,-127.486766,2018-09-08 9:14,2018-09-08 10:05,-2,8,23,1,NA,1,multi,50.87365,-127.48785,8,1,0
3,2018,9,8,12020,12,13,50.875983,-127.492116,50.876166,-127.491716,2018-09-08 10:32,2018-09-08 11:22,-4,8,23,1,NA,1,multi,50.875983,-127.492116,8,1,0
3,2018,9,8,12024,12,13,50.87805,-127.48765,50.87805,-127.48765,2018-09-08 11:50,2018-09-08 12:35,-3,11,24,0,NA,0,multi,50.87805,-127.48765,11,1,0
3,2018,9,8,12033,12,13,50.8797,-127.500183,50.879733,-127.500516,2018-09-08 13:56,2018-09-08 14:46,-3,12,21,0,NA,0,multi,50.8797,-127.500183,12,1,0
4,2019,9,8,4031,4,2,53.99795,-130.6474,53.997383,-130.648983,2019-09-08 10:56,2019-09-08 11:50,-3,9,25,0,NA,0,multi,53.99795,-130.6474,9,1,0
4,2019,9,8,4032,4,2,54.0006,-130.642083,54.0007,-130.640266,2019-09-08 12:59,2019-09-08 13:35,-3,12,25,0,NA,0,multi,54.0006,-130.642083,12,1,0
4,2019,9,8,4033,4,2,54.007333,-130.662766,54.0074,-130.66205,2019-09-08 14:25,2019-09-08 15:00,-3,12,17,0,NA,0,multi,54.007333,-130.662766,12,1,0
4,2019,9,8,4034,4,2,54.008533,-130.653466,54.00865,-130.65365,2019-09-08 15:25,2019-09-08 15:57,-1,12,23,0,NA,0,multi,54.008533,-130.653466,12,1,0
4,2019,9,8,4035,4,2,54.020416,-130.6444,54.020466,-130.646116,2019-09-08 13:43,2019-09-08 14:33,-4,10,25,0,NA,0,multi,54.020416,-130.6444,10,1,0
4,2019,9,8,4038,4,2,54.031216,-130.693883,54.0313,-130.694416,2019-09-08 8:36,2019-09-08 9:40,-2,13,21,0,NA,0,multi,54.031216,-130.693883,13,1,0
4,2019,9,8,4037,4,2,54.033583,-130.66585,54.032683,-130.666566,2019-09-08 8:36,2019-09-08 9:22,-1,3,26,2,NA,1,multi,54.033583,-130.66585,3,1,0
4,2019,9,8,4039,4,2,54.034966,-130.601016,54.03415,-130.600733,2019-09-08 10:36,2019-09-08 12:36,-4,12,25,8,NA,1,multi,54.034966,-130.601016,12,1,0
3,2018,9,9,12047,12,13,50.809866,-127.551,50.81015,-127.5512,2018-09-09 10:02,2018-09-09 10:40,-2,13,16,0,NA,0,multi,50.809866,-127.551,13,1,0
3,2018,9,9,12046,12,13,50.812716,-127.559583,50.812466,-127.5593,2018-09-09 11:00,2018-09-09 11:40,-3,12,18,0,NA,0,multi,50.812716,-127.559583,12,1,0
3,2018,9,9,12054,12,13,50.81735,-127.561216,50.818016,-127.561166,2018-09-09 12:13,2018-09-09 13:09,-1,13,23,1,NA,1,multi,50.81735,-127.561216,13,1,0
3,2018,9,9,12055,12,13,50.819883,-127.588916,50.820216,-127.589416,2018-09-09 8:49,2018-09-09 9:29,0,12,20,0,NA,0,multi,50.819883,-127.588916,12,1,0
3,2018,9,9,12080,12,13,50.828283,-127.5712,50.829066,-127.571916,2018-09-09 11:55,2018-09-09 12:57,-2,12,22,0,NA,0,multi,50.828283,-127.5712,12,1,0
3,2018,9,9,12081,12,13,50.830983,-127.57955,50.830666,-127.578983,2018-09-09 10:25,2018-09-09 11:05,-2,12,20,0,NA,0,multi,50.830983,-127.57955,12,1,0
3,2018,9,9,12084,12,13,50.831133,-127.53015,50.8316,-127.529666,2018-09-09 13:47,2018-09-09 14:32,-1,12,21,0,NA,0,multi,50.831133,-127.53015,12,1,0
3,2018,9,9,12078,12,13,50.831433,-127.55505,50.831716,-127.556633,2018-09-09 13:34,2018-09-09 14:34,-1,11,25,0,NA,0,multi,50.831433,-127.55505,11,1,0
3,2018,9,9,12087,12,13,50.833083,-127.542666,50.833383,-127.5425,2018-09-09 15:17,2018-09-09 15:55,-2,11,18,0,NA,0,multi,50.833083,-127.542666,11,1,0
4,2019,9,9,4074,4,9,54.203083,-130.55225,54.202,-130.5528,2019-09-09 8:22,2019-09-09 9:22,-2,5,26,1,NA,1,multi,54.203083,-130.55225,5,1,0
4,2019,9,9,4073,4,9,54.206866,-130.389116,54.207166,-130.389283,2019-09-09 8:48,2019-09-09 9:53,-2,13,21,1,NA,1,multi,54.206866,-130.389116,13,1,0
4,2019,9,9,4072,4,9,54.259583,-130.421716,54.260116,-130.42015,2019-09-09 10:55,2019-09-09 11:54,-4,4,25,0,NA,0,multi,54.259583,-130.421716,4,1,0
4,2019,9,9,4071,4,9,54.3042,-130.47575,54.3047,-130.474233,2019-09-09 10:30,2019-09-09 11:30,-2,3,25,0,NA,0,multi,54.3042,-130.47575,3,1,0
4,2019,9,9,4070,4,9,54.316283,-130.515966,54.31735,-130.5159,2019-09-09 12:20,2019-09-09 13:20,-2,1,25,0,NA,0,multi,54.316283,-130.515966,1,1,0
4,2019,9,9,4069,4,5,54.374816,-130.489883,54.374633,-130.488,2019-09-09 13:34,2019-09-09 14:22,-2,1,25,0,NA,0,multi,54.374816,-130.489883,1,1,0
4,2019,9,9,4068,4,5,54.423016,-130.503233,54.4236,-130.501716,2019-09-09 14:40,2019-09-09 15:40,-2,1,23,0,NA,0,multi,54.423016,-130.503233,1,1,0
4,2019,9,10,4088,4,10,54.25435,-130.362383,54.255116,-130.363666,2019-09-10 8:35,2019-09-10 9:19,-1,13,24,0,NA,0,multi,54.25435,-130.362383,13,1,0
4,2019,9,10,4089,4,10,54.272866,-130.360266,54.272816,-130.359583,2019-09-10 8:35,2019-09-10 9:29,-1,13,20,0,NA,0,multi,54.272866,-130.360266,13,1,0
4,2019,9,10,4090,4,10,54.2886,-130.3716,54.287883,-130.372966,2019-09-10 10:26,2019-09-10 11:13,-2,7,26,0,NA,0,multi,54.2886,-130.3716,7,1,0
4,2019,9,10,4091,4,10,54.307133,-130.385683,54.306716,-130.38655,2019-09-10 10:54,2019-09-10 11:37,-2,13,20,0,NA,0,multi,54.307133,-130.385683,13,1,0
4,2019,9,10,4092,4,10,54.322716,-130.3613,54.322866,-130.36255,2019-09-10 12:04,2019-09-10 12:45,-2,11,23,0,NA,0,multi,54.322716,-130.3613,11,1,0
4,2019,9,10,4093,4,10,54.342283,-130.298116,54.342516,-130.2989,2019-09-10 12:22,2019-09-10 13:07,-2,12,18,0,NA,0,multi,54.342283,-130.298116,12,1,0
6,2021,9,10,23002,23,7,48.827433,-125.206066,48.828,-125.206383,2021-09-10 10:15,2021-09-10 11:50,1,12,33,0,NA,0,multi,48.827433,-125.206066,12,1,0
6,2021,9,10,23004,23,7,48.8493,-125.184233,48.848266,-125.184483,2021-09-10 12:38,2021-09-10 13:42,-1,8,25,0,NA,0,multi,48.8493,-125.184233,8,1,0
6,2021,9,10,23006,23,4,48.865983,-125.162866,48.866766,-125.16415,2021-09-10 14:31,2021-09-10 15:32,7,13,23,0,NA,0,multi,48.865983,-125.162866,13,1,0
1,2016,9,11,12106,12,8,50.666283,-127.049283,50.66555,-127.04985,2016-09-11 14:12,2016-09-11 15:09,0,7,25,1,NA,1,multi,50.666283,-127.049283,7,1,0
1,2016,9,11,12104,12,8,50.669483,-127.071266,50.668666,-127.070933,2016-09-11 12:35,2016-09-11 13:22,3,5,25,0,NA,0,multi,50.669483,-127.071266,5,1,0
1,2016,9,11,12103,12,8,50.669816,-127.082383,50.668966,-127.082733,2016-09-11 11:14,2016-09-11 11:54,0,3,25,0,NA,0,multi,50.669816,-127.082383,3,1,0
1,2016,9,11,12105,12,8,50.671433,-127.0591,50.670316,-127.05905,2016-09-11 14:17,2016-09-11 15:00,-1,4,25,0,NA,0,multi,50.671433,-127.0591,4,1,0
1,2016,9,11,12102,12,8,50.672633,-127.095616,50.671783,-127.09605,2016-09-11 12:33,2016-09-11 13:32,1,3,25,0,NA,0,multi,50.672633,-127.095616,3,1,0
1,2016,9,11,12101,12,8,50.675966,-127.103666,50.675216,-127.105033,2016-09-11 11:10,2016-09-11 11:49,-3,4,25,0,NA,0,multi,50.675966,-127.103666,4,1,0
3,2018,9,11,12234,12,13,50.817866,-127.493616,50.818166,-127.493466,2018-09-11 8:05,2018-09-11 8:44,-1,12,14,1,NA,1,multi,50.817866,-127.493616,12,1,0
3,2018,9,11,12233,12,13,50.81915,-127.483483,50.81905,-127.483583,2018-09-11 9:08,2018-09-11 9:45,-1,12,22,0,NA,0,multi,50.81915,-127.483483,12,1,0
3,2018,9,11,12236,12,13,50.823116,-127.494766,50.823033,-127.494383,2018-09-11 10:00,2018-09-11 10:54,-1,6,18,0,NA,0,multi,50.823116,-127.494766,6,1,0
3,2018,9,11,12237,12,13,50.82555,-127.4976,50.825533,-127.497416,2018-09-11 11:30,2018-09-11 12:15,-1,12,14,0,NA,0,multi,50.82555,-127.4976,12,1,0
3,2018,9,11,12241,12,13,50.8267,-127.518183,50.82685,-127.517633,2018-09-11 14:09,2018-09-11 15:00,-2,13,21,1,NA,1,multi,50.8267,-127.518183,13,1,0
3,2018,9,11,12240,12,13,50.8295,-127.507133,50.829466,-127.507166,2018-09-11 12:39,2018-09-11 13:35,-2,13,22,0,NA,0,multi,50.8295,-127.507133,13,1,0
5,2020,9,11,2106,2,19,51.984333,-131.00915,51.983833,-131.010116,2020-09-11 9:05,2020-09-11 10:15,1,12,22,0,NA,0,multi,51.984333,-131.00915,12,1,0
5,2020,9,11,2104,2,19,52.03325,-131.028716,52.032633,-131.029683,2020-09-11 9:36,2020-09-11 11:00,-1,12,24,0,NA,0,multi,52.03325,-131.028716,12,1,0
5,2020,9,11,2103,2,19,52.058633,-131.045366,52.059333,-131.0441,2020-09-11 11:31,2020-09-11 12:27,1,12,25,0,NA,0,multi,52.058633,-131.045366,12,1,0
5,2020,9,11,2102,2,19,52.075166,-130.948616,52.075133,-130.949133,2020-09-11 12:54,2020-09-11 13:27,1,9,19,0,NA,0,multi,52.075166,-130.948616,9,1,0
5,2020,9,11,2100,2,18,52.096416,-130.966233,52.095433,-130.967233,2020-09-11 14:42,2020-09-11 15:29,0,5,25,0,NA,0,multi,52.096416,-130.966233,5,1,0
5,2020,9,11,2101,2,18,52.10685,-130.951416,52.1075,-130.9515,2020-09-11 14:03,2020-09-11 15:23,-1,13,18,0,NA,0,multi,52.10685,-130.951416,13,1,0
6,2021,9,11,23008,23,4,48.874083,-125.09235,48.873783,-125.091916,2021-09-11 8:42,2021-09-11 9:34,-1,12,25,0,NA,0,multi,48.874083,-125.09235,12,1,0
6,2021,9,11,23022,23,5,48.947483,-125.094266,48.9478,-125.094166,2021-09-11 14:06,2021-09-11 14:48,1,13,18,1,NA,1,multi,48.947483,-125.094266,13,1,0
6,2021,9,11,23026,23,4,48.976133,-125.0205,48.976233,-125.020483,2021-09-11 12:22,2021-09-11 13:19,3,13,22,0,NA,0,multi,48.976133,-125.0205,13,1,0
1,2016,9,12,12023,12,13,50.873733,-127.487716,50.874266,-127.486766,2016-09-12 14:57,2016-09-12 15:45,0,7,24,9,NA,1,multi,50.873733,-127.487716,7,1,0
1,2016,9,12,12018,12,13,50.875633,-127.4892,50.875533,-127.489483,2016-09-12 15:32,2016-09-12 16:02,0,8,15,9,NA,1,multi,50.875633,-127.4892,8,1,0
1,2016,9,12,12020,12,13,50.875983,-127.4921,50.876233,-127.491666,2016-09-12 12:51,2016-09-12 13:47,-2,8,22,6,NA,1,multi,50.875983,-127.4921,8,1,0
1,2016,9,12,12029,12,13,50.8772,-127.493616,50.877966,-127.49255,2016-09-12 13:33,2016-09-12 14:18,-1,8,25,4,NA,1,multi,50.8772,-127.493616,8,1,0
1,2016,9,12,12009,12,13,50.878966,-127.478166,50.878916,-127.477616,2016-09-12 14:15,2016-09-12 15:01,-1,3,22,5,NA,1,multi,50.878966,-127.478166,3,1,0
1,2016,9,12,12033,12,13,50.879816,-127.500266,50.879683,-127.500633,2016-09-12 12:18,2016-09-12 12:59,-3,12,16,0,NA,0,multi,50.879816,-127.500266,12,1,0
1,2016,9,12,12026,12,13,50.885533,-127.490433,50.88515,-127.490866,2016-09-12 10:46,2016-09-12 11:42,-3,6,25,6,NA,1,multi,50.885533,-127.490433,6,1,0
1,2016,9,12,12041,12,13,50.89075,-127.488583,50.8908,-127.488316,2016-09-12 11:10,2016-09-12 11:35,-3,12,17,4,NA,1,multi,50.89075,-127.488583,12,1,0
1,2016,9,12,12038,12,13,50.89285,-127.481316,50.8928,-127.4814,2016-09-12 9:33,2016-09-12 10:01,-2,1,14,0,NA,0,multi,50.89285,-127.481316,1,1,0
1,2016,9,12,12043,12,13,50.894183,-127.48115,50.89405,-127.481233,2016-09-12 9:15,2016-09-12 10:08,-2,12,22,2,NA,1,multi,50.894183,-127.48115,12,1,0
4,2019,9,12,3009,3,1,54.597366,-130.881866,54.596883,-130.881816,2019-09-12 13:20,2019-09-12 15:18,-2,12,25,2,NA,1,multi,54.597366,-130.881866,12,1,0
4,2019,9,12,3010,3,1,54.603983,-130.83715,54.604916,-130.838083,2019-09-12 11:00,2019-09-12 12:07,-1,9,25,0,NA,0,multi,54.603983,-130.83715,9,1,0
4,2019,9,12,3011,3,1,54.611083,-130.819,54.610783,-130.818583,2019-09-12 9:02,2019-09-12 10:05,-1,12,25,0,NA,0,multi,54.611083,-130.819,12,1,0
5,2020,9,12,2099,2,18,52.116016,-130.989016,52.115916,-130.988916,2020-09-12 8:39,2020-09-12 9:45,-1,9,18,0,NA,0,multi,52.116016,-130.989016,9,1,0
5,2020,9,12,2098,2,18,52.127866,-131.0292,52.12705,-131.030566,2020-09-12 8:03,2020-09-12 10:08,1,7,25,0,NA,0,multi,52.127866,-131.0292,7,1,0
5,2020,9,12,2096,2,18,52.164266,-131.05295,52.164933,-131.0522,2020-09-12 10:42,2020-09-12 12:05,-2,12,20,0,NA,0,multi,52.164266,-131.05295,12,1,0
5,2020,9,12,2097,2,18,52.1673,-131.122383,52.166666,-131.120833,2020-09-12 10:50,2020-09-12 12:05,-1,7,25,0,NA,0,multi,52.1673,-131.122383,7,1,0
5,2020,9,12,2095,2,18,52.17915,-131.018783,52.179983,-131.019916,2020-09-12 13:14,2020-09-12 14:37,-1,2,25,0,NA,0,multi,52.17915,-131.018783,2,1,0
5,2020,9,12,2094,2,18,52.19275,-131.01025,52.193,-131.0112,2020-09-12 12:47,2020-09-12 14:53,2,12,23,0,NA,0,multi,52.19275,-131.01025,12,1,0
5,2020,9,12,2093,2,18,52.206083,-131.010283,52.206283,-131.0122,2020-09-12 15:18,2020-09-12 16:25,-1,10,25,0,NA,0,multi,52.206083,-131.010283,10,1,0
6,2021,9,12,23016,23,8,48.91885,-125.287916,48.918716,-125.287633,2021-09-12 14:13,2021-09-12 14:50,-1,13,15,0,NA,0,multi,48.91885,-125.287916,13,1,0
6,2021,9,12,23018,23,4,48.92145,-125.0569,48.921416,-125.057166,2021-09-12 10:15,2021-09-12 11:24,1,12,25,5,NA,1,multi,48.92145,-125.0569,12,1,0
6,2021,9,12,23020,23,8,48.941016,-125.303033,48.940583,-125.30435,2021-09-12 12:43,2021-09-12 13:38,-1,12,21,1,NA,1,multi,48.941016,-125.303033,12,1,0
6,2021,9,12,23024,23,8,48.95455,-125.288416,48.954383,-125.288566,2021-09-12 10:19,2021-09-12 10:55,-1,12,16,0,NA,0,multi,48.95455,-125.288416,12,1,0
6,2021,9,12,23027,23,10,48.98305,-125.345733,48.9831,-125.346483,2021-09-12 9:10,2021-09-12 9:44,-2,12,19,0,NA,0,multi,48.98305,-125.345733,12,1,0
6,2021,9,12,23030,23,9,49.002433,-125.322633,49.002416,-125.322533,2021-09-12 7:51,2021-09-12 8:27,-2,11,16,0,NA,0,multi,49.002433,-125.322633,11,1,0
1,2016,9,13,12048,12,16,50.81315,-127.54425,50.812983,-127.54605,2016-09-13 14:07,2016-09-13 15:09,-2,9,25,0,NA,0,multi,50.81315,-127.54425,9,1,0
1,2016,9,13,12053,12,11,50.816766,-127.487966,50.81695,-127.487916,2016-09-13 8:43,2016-09-13 9:22,-2,14,16,5,NA,1,multi,50.816766,-127.487966,14,1,0
1,2016,9,13,12049,12,11,50.816966,-127.54545,50.81655,-127.545983,2016-09-13 14:37,2016-09-13 15:28,-1,11,23,5,NA,1,multi,50.816966,-127.54545,11,1,0
1,2016,9,13,12051,12,11,50.819216,-127.485933,50.8192,-127.485733,2016-09-13 12:15,2016-09-13 13:05,-2,11,24,0,NA,0,multi,50.819216,-127.485933,11,1,0
1,2016,9,13,12052,12,11,50.820733,-127.495316,50.820566,-127.4952,2016-09-13 8:58,2016-09-13 10:05,-2,12,26,3,NA,1,multi,50.820733,-127.495316,12,1,0
1,2016,9,13,12056,12,11,50.822233,-127.499516,50.822366,-127.500083,2016-09-13 9:57,2016-09-13 10:43,-2,12,21,1,NA,1,multi,50.822233,-127.499516,12,1,0
1,2016,9,13,12057,12,11,50.822666,-127.51395,50.823183,-127.513333,2016-09-13 11:12,2016-09-13 12:01,-3,11,20,6,NA,1,multi,50.822666,-127.51395,11,1,0
1,2016,9,13,12058,12,11,50.823716,-127.497633,50.823783,-127.497416,2016-09-13 10:26,2016-09-13 11:21,-2,12,25,0,NA,0,multi,50.823716,-127.497633,12,1,0
1,2016,9,13,12062,12,11,50.8293,-127.505883,50.82925,-127.50675,2016-09-13 13:30,2016-09-13 14:00,-2,12,19,0,NA,0,multi,50.8293,-127.505883,12,1,0
1,2016,9,13,12061,12,11,50.83405,-127.509966,50.83375,-127.510133,2016-09-13 12:35,2016-09-13 13:32,-2,12,19,0,NA,0,multi,50.83405,-127.509966,12,1,0
4,2019,9,13,3016,3,2,54.59305,-130.752316,54.593183,-130.754083,2019-09-13 13:58,2019-09-13 15:05,-4,12,24,0,NA,0,multi,54.59305,-130.752316,12,1,0
4,2019,9,13,3007,3,1,54.624166,-130.871966,54.6235,-130.871666,2019-09-13 11:28,2019-09-13 12:27,-3,13,26,0,NA,0,multi,54.624166,-130.871966,13,1,0
4,2019,9,13,3008,3,1,54.630333,-130.864616,54.630166,-130.8635,2019-09-13 8:10,2019-09-13 10:28,-1,12,22,0,NA,0,multi,54.630333,-130.864616,12,1,0
5,2020,9,13,2088,2,17,52.21765,-131.119216,52.216683,-131.1184,2020-09-13 15:05,2020-09-13 15:37,-1,12,25,0,NA,0,multi,52.21765,-131.119216,12,1,0
5,2020,9,13,2090,2,17,52.218333,-131.0797,52.217783,-131.078616,2020-09-13 10:30,2020-09-13 11:50,-2,12,22,0,NA,0,multi,52.218333,-131.0797,12,1,0
5,2020,9,13,2091,2,17,52.223983,-131.05845,52.223916,-131.057966,2020-09-13 9:05,2020-09-13 10:02,-1,11,18,0,NA,0,multi,52.223983,-131.05845,11,1,0
5,2020,9,13,2089,2,17,52.22535,-131.1007,52.224466,-131.099783,2020-09-13 13:35,2020-09-13 14:40,-1,12,24,0,NA,0,multi,52.22535,-131.1007,12,1,0
5,2020,9,13,2092,2,17,52.23005,-131.019066,52.229583,-131.020533,2020-09-13 12:31,2020-09-13 13:39,-2,11,25,0,NA,0,multi,52.23005,-131.019066,11,1,0
5,2020,9,13,2087,2,17,52.232366,-131.134666,52.231266,-131.134866,2020-09-13 15:21,2020-09-13 16:01,-1,13,25,0,NA,0,multi,52.232366,-131.134666,13,1,0
5,2020,9,13,2086,2,17,52.246033,-131.085883,52.246283,-131.086333,2020-09-13 13:41,2020-09-13 14:33,-1,12,17,0,NA,0,multi,52.246033,-131.085883,12,1,0
5,2020,9,13,2085,2,17,52.2562,-131.053416,52.256416,-131.054266,2020-09-13 11:34,2020-09-13 12:38,-2,12,20,0,NA,0,multi,52.2562,-131.053416,12,1,0
5,2020,9,13,2084,2,17,52.262066,-131.046633,52.261916,-131.045783,2020-09-13 9:48,2020-09-13 10:55,-2,12,20,0,NA,0,multi,52.262066,-131.046633,12,1,0
5,2020,9,13,2083,2,17,52.262983,-131.062083,52.262316,-131.06075,2020-09-13 8:03,2020-09-13 9:02,0,6,25,0,NA,0,multi,52.262983,-131.062083,6,1,0
6,2021,9,13,24034,24,8,49.158633,-125.94325,49.15905,-125.941766,2021-09-13 7:59,2021-09-13 9:25,0,7,25,0,NA,0,multi,49.158633,-125.94325,7,1,0
6,2021,9,13,24036,24,6,49.179633,-126.048783,49.179316,-126.050316,2021-09-13 12:47,2021-09-13 13:48,4,8,25,0,NA,0,multi,49.179633,-126.048783,8,1,0
6,2021,9,13,24038,24,6,49.190283,-126.06335,49.18995,-126.06365,2021-09-13 10:35,2021-09-13 11:43,4,12,18,0,NA,0,multi,49.190283,-126.06335,12,1,0
6,2021,9,13,24040,24,6,49.209133,-126.042716,49.20845,-126.042666,2021-09-13 14:36,2021-09-13 15:25,1,14,22,0,NA,0,multi,49.209133,-126.042716,14,1,0
1,2016,9,14,12047,12,16,50.81,-127.55095,50.810183,-127.551016,2016-09-14 8:03,2016-09-14 8:39,-1,13,15,1,NA,1,multi,50.81,-127.55095,13,1,0
1,2016,9,14,12046,12,16,50.812683,-127.5594,50.812483,-127.559233,2016-09-14 9:24,2016-09-14 9:58,-2,11,16,3,NA,1,multi,50.812683,-127.5594,11,1,0
1,2016,9,14,12054,12,16,50.817366,-127.561233,50.817966,-127.5612,2016-09-14 10:03,2016-09-14 10:53,-2,13,24,1,NA,1,multi,50.817366,-127.561233,13,1,0
1,2016,9,14,12055,12,16,50.819833,-127.5889,50.820183,-127.5894,2016-09-14 8:27,2016-09-14 9:20,-1,12,21,2,NA,1,multi,50.819833,-127.5889,12,1,0
1,2016,9,14,12059,12,11,50.825883,-127.522366,50.826116,-127.522033,2016-09-14 10:50,2016-09-14 11:23,-4,12,16,4,NA,1,multi,50.825883,-127.522366,12,1,0
1,2016,9,14,12084,12,11,50.831116,-127.5301,50.831533,-127.529633,2016-09-14 11:25,2016-09-14 12:15,-2,12,23,4,NA,1,multi,50.831116,-127.5301,12,1,0
4,2019,9,14,4029,4,1,54.44865,-130.965533,54.4492,-130.966966,2019-09-14 8:38,2019-09-14 9:55,-1,4,25,0,NA,0,multi,54.44865,-130.965533,4,1,0
4,2019,9,14,4028,4,1,54.45985,-130.948283,54.460016,-130.948566,2019-09-14 10:54,2019-09-14 12:03,-1,12,19,0,NA,0,multi,54.45985,-130.948283,12,1,0
4,2019,9,14,4027,4,1,54.47045,-130.920466,54.471333,-130.921033,2019-09-14 13:28,2019-09-14 14:29,-3,12,19,0,NA,0,multi,54.47045,-130.920466,12,1,0
4,2019,9,14,4026,4,1,54.493033,-130.882216,54.493533,-130.881233,2019-09-14 15:17,2019-09-14 17:08,-3,11,20,0,NA,0,multi,54.493033,-130.882216,11,1,0
5,2020,9,14,2075,2,16,52.298033,-131.321383,52.29725,-131.32025,2020-09-14 15:00,2020-09-14 15:44,-1,13,25,0,NA,0,multi,52.298033,-131.321383,13,1,0
5,2020,9,14,2081,2,14,52.3177,-131.148066,52.317116,-131.148666,2020-09-14 8:16,2020-09-14 9:14,-2,10,24,0,NA,0,multi,52.3177,-131.148066,10,1,0
5,2020,9,14,2074,2,16,52.319716,-131.338916,52.319916,-131.339933,2020-09-14 14:00,2020-09-14 14:30,-1,13,18,0,NA,0,multi,52.319716,-131.338916,13,1,0
5,2020,9,14,2077,2,15,52.343966,-131.234716,52.343566,-131.236316,2020-09-14 10:20,2020-09-14 11:18,-1,12,24,0,NA,0,multi,52.343966,-131.234716,12,1,0
5,2020,9,14,2076,2,15,52.344883,-131.28376600000001,52.345966,-131.28355,2020-09-14 11:53,2020-09-14 13:11,-2,11,25,0,NA,0,multi,52.344883,-131.28376600000001,11,1,0
5,2020,9,14,2080,2,14,52.355816,-131.185583,52.356233,-131.183983,2020-09-14 9:53,2020-09-14 11:05,-1,10,25,0,NA,0,multi,52.355816,-131.185583,10,1,0
5,2020,9,14,2078,2,15,52.363033,-131.2574,52.363783,-131.258383,2020-09-14 12:45,2020-09-14 13:38,-2,12,22,0,NA,0,multi,52.363033,-131.2574,12,1,0
5,2020,9,14,2079,2,14,52.3718,-131.302083,52.371916,-131.303633,2020-09-14 15:04,2020-09-14 15:44,-1,13,19,0,NA,0,multi,52.3718,-131.302083,13,1,0
6,2021,9,14,24042,24,6,49.229516,-125.984016,49.23015,-125.9827,2021-09-14 8:28,2021-09-14 9:41,2,9,25,0,NA,0,multi,49.229516,-125.984016,9,1,0
6,2021,9,14,24046,24,6,49.266283,-126.026983,49.26635,-126.025433,2021-09-14 10:28,2021-09-14 11:33,-2,12,24,1,NA,1,multi,49.266283,-126.026983,12,1,0
6,2021,9,14,24048,24,4,49.285383,-126.035816,49.285466,-126.0355,2021-09-14 12:12,2021-09-14 13:09,0,12,12,0,NA,0,multi,49.285383,-126.035816,12,1,0
6,2021,9,14,24052,24,4,49.353,-126.061583,49.353016,-126.061283,2021-09-14 13:54,2021-09-14 14:44,1,13,20,0,NA,0,multi,49.353,-126.061583,13,1,0
1,2016,9,15,12110,12,41,50.826033,-127.006283,50.826866,-127.006983,2016-09-15 8:12,2016-09-15 9:04,0,12,23,0,NA,0,multi,50.826033,-127.006283,12,1,0
1,2016,9,15,12111,12,41,50.829466,-127.001833,50.830016,-127.002916,2016-09-15 8:10,2016-09-15 9:05,1,5,25,0,NA,0,multi,50.829466,-127.001833,5,1,0
1,2016,9,15,12112,12,41,50.833283,-126.998416,50.834283,-126.998933,2016-09-15 9:43,2016-09-15 10:05,-2,3,25,0,NA,0,multi,50.833283,-126.998416,3,1,0
1,2016,9,15,12113,12,41,50.836883,-126.987283,50.836966,-126.987233,2016-09-15 9:44,2016-09-15 10:34,-2,13,22,0,NA,0,multi,50.836883,-126.987283,13,1,0
1,2016,9,15,12127,12,41,50.837266,-126.948616,50.837166,-126.9482,2016-09-15 14:20,2016-09-15 14:42,-3,12,15,0,NA,0,multi,50.837266,-126.948616,12,1,0
1,2016,9,15,12114,12,41,50.839116,-126.9803,50.83895,-126.979866,2016-09-15 10:45,2016-09-15 11:13,-4,12,20,0,NA,0,multi,50.839116,-126.9803,12,1,0
1,2016,9,15,12115,12,41,50.842866,-126.9732,50.843083,-126.973566,2016-09-15 11:10,2016-09-15 12:04,-3,12,23,0,NA,0,multi,50.842866,-126.9732,12,1,0
1,2016,9,15,12116,12,41,50.844216,-126.961333,50.844583,-126.9613,2016-09-15 11:42,2016-09-15 12:11,-4,12,22,0,NA,0,multi,50.844216,-126.961333,12,1,0
1,2016,9,15,12117,12,41,50.847433,-126.95605,50.8479,-126.95745,2016-09-15 12:55,2016-09-15 13:47,-1,13,23,0,NA,0,multi,50.847433,-126.95605,13,1,0
1,2016,9,15,12118,12,41,50.849666,-126.948333,50.850083,-126.948166,2016-09-15 12:57,2016-09-15 13:37,-3,11,21,0,NA,0,multi,50.849666,-126.948333,11,1,0
1,2016,9,15,12119,12,41,50.854133,-126.936766,50.853966,-126.937366,2016-09-15 14:48,2016-09-15 15:35,-2,12,21,0,NA,0,multi,50.854133,-126.936766,12,1,0
1,2016,9,15,12120,12,41,50.858366,-126.9302,50.8586,-126.93035,2016-09-15 15:25,2016-09-15 16:00,-2,12,15,0,NA,0,multi,50.858366,-126.9302,12,1,0
3,2018,9,15,12230,12,13,50.81075,-127.556683,50.810983,-127.556333,2018-09-15 9:06,2018-09-15 10:03,-2,11,18,2,NA,1,multi,50.81075,-127.556683,11,1,0
3,2018,9,15,12231,12,13,50.81315,-127.544016,50.813183,-127.54525,2018-09-15 10:48,2018-09-15 12:14,0,12,24,0,NA,0,multi,50.81315,-127.544016,12,1,0
3,2018,9,15,12235,12,13,50.816783,-127.562266,50.817683,-127.5625,2018-09-15 14:00,2018-09-15 15:50,-1,12,22,0,NA,0,multi,50.816783,-127.562266,12,1,0
4,2019,9,15,4002,4,1,54.36645,-130.782066,54.366016,-130.778866,2019-09-15 9:34,2019-09-15 10:28,0,9,23,0,NA,0,multi,54.36645,-130.782066,9,1,0
4,2019,9,15,4005,4,1,54.39735,-130.77835,54.397233,-130.777366,2019-09-15 13:51,2019-09-15 14:38,-3,12,20,0,NA,0,multi,54.39735,-130.77835,12,1,0
4,2019,9,15,4007,4,1,54.403233,-130.796083,54.40375,-130.796383,2019-09-15 12:09,2019-09-15 13:09,-3,11,23,0,NA,0,multi,54.403233,-130.796083,11,1,0
4,2019,9,15,4016,4,1,54.43155,-130.836233,54.431433,-130.836266,2019-09-15 15:16,2019-09-15 15:48,-5,12,14,0,NA,0,multi,54.43155,-130.836233,12,1,0
5,2020,9,15,2073,2,13,52.38795,-131.369766,52.3883,-131.370416,2020-09-15 12:29,2020-09-15 13:12,-2,12,18,0,NA,0,multi,52.38795,-131.369766,12,1,0
5,2020,9,15,2071,2,13,52.4007,-131.43815,52.401516,-131.43845,2020-09-15 12:22,2020-09-15 12:54,-2,12,20,0,NA,0,multi,52.4007,-131.43815,12,1,0
5,2020,9,15,2072,2,13,52.403066,-131.414566,52.403033,-131.413783,2020-09-15 11:24,2020-09-15 11:57,-3,11,19,0,NA,0,multi,52.403066,-131.414566,11,1,0
5,2020,9,15,2070,2,13,52.414416,-131.371216,52.4147,-131.36955,2020-09-15 14:20,2020-09-15 14:50,-2,11,25,0,NA,0,multi,52.414416,-131.371216,11,1,0
5,2020,9,15,2069,2,13,52.43095,-131.382383,52.43075,-131.381866,2020-09-15 10:06,2020-09-15 10:48,-3,11,25,0,NA,0,multi,52.43095,-131.382383,11,1,0
5,2020,9,15,2068,2,12,52.439466,-131.360433,52.439266,-131.362033,2020-09-15 10:17,2020-09-15 11:21,-1,6,25,0,NA,0,multi,52.439466,-131.360433,6,1,0
5,2020,9,15,2067,2,12,52.449833,-131.2695,52.4488,-131.269783,2020-09-15 8:30,2020-09-15 9:42,1,7,25,0,NA,0,multi,52.449833,-131.2695,7,1,0
5,2020,9,15,2066,2,12,52.454183,-131.3593,52.45495,-131.360616,2020-09-15 8:10,2020-09-15 8:58,-1,9,24,0,NA,0,multi,52.454183,-131.3593,9,1,0
5,2020,9,15,2065,2,12,52.464266,-131.450433,52.464216,-131.452116,2020-09-15 14:07,2020-09-15 14:50,-1,9,24,0,NA,0,multi,52.464266,-131.450433,9,1,0
5,2020,9,15,2064,2,12,52.473016,-131.4721,52.472533,-131.471816,2020-09-15 14:55,2020-09-15 15:28,-2,13,20,0,NA,0,multi,52.473016,-131.4721,13,1,0
6,2021,9,15,24054,24,2,49.36025,-126.233683,49.360216,-126.233466,2021-09-15 8:10,2021-09-15 9:08,-1,11,18,0,NA,0,multi,49.36025,-126.233683,11,1,0
6,2021,9,15,24056,24,2,49.37955,-126.231466,49.379516,-126.231066,2021-09-15 10:09,2021-09-15 11:06,-3,11,19,0,NA,0,multi,49.37955,-126.231466,11,1,0
6,2021,9,15,24060,24,2,49.43715,-126.243316,49.43715,-126.243433,2021-09-15 12:17,2021-09-15 12:55,-1,12,17,0,NA,0,multi,49.43715,-126.243316,12,1,0
6,2021,9,15,24062,24,2,49.448166,-126.2616,49.448266,-126.26155,2021-09-15 13:20,2021-09-15 14:05,0,13,21,0,NA,0,multi,49.448166,-126.2616,13,1,0
6,2021,9,15,24064,24,2,49.475583,-126.28205,49.475633,-126.282316,2021-09-15 14:33,2021-09-15 14:56,1,13,13,0,NA,0,multi,49.475583,-126.28205,13,1,0
1,2016,9,16,12131,12,41,50.839816,-126.9481,50.839716,-126.948066,2016-09-16 7:46,2016-09-16 8:25,-1,12,22,0,NA,0,multi,50.839816,-126.9481,12,1,0
1,2016,9,16,12128,12,41,50.8421,-126.944616,50.841883,-126.944383,2016-09-16 8:56,2016-09-16 9:39,-1,12,20,0,NA,0,multi,50.8421,-126.944616,12,1,0
1,2016,9,16,12149,12,41,50.861816,-126.89195,50.862516,-126.891566,2016-09-16 15:10,2016-09-16 16:02,-2,12,23,0,NA,0,multi,50.861816,-126.89195,12,1,0
1,2016,9,16,12156,12,41,50.862416,-126.899416,50.862383,-126.899383,2016-09-16 14:51,2016-09-16 15:15,-2,11,17,0,NA,0,multi,50.862416,-126.899416,11,1,0
1,2016,9,16,12121,12,41,50.864033,-126.927633,50.863966,-126.929283,2016-09-16 8:00,2016-09-16 8:27,0,12,26,0,NA,0,multi,50.864033,-126.927633,12,1,0
1,2016,9,16,12148,12,41,50.864216,-126.882233,50.865033,-126.881233,2016-09-16 15:36,2016-09-16 15:56,-2,11,24,0,NA,0,multi,50.864216,-126.882233,11,1,0
1,2016,9,16,12122,12,41,50.866416,-126.923416,50.866883,-126.923633,2016-09-16 8:46,2016-09-16 9:05,0,13,19,0,NA,0,multi,50.866416,-126.923416,13,1,0
1,2016,9,16,12157,12,41,50.868366,-126.886233,50.8681,-126.885983,2016-09-16 13:16,2016-09-16 13:34,-3,12,13,0,NA,0,multi,50.868366,-126.886233,12,1,0
1,2016,9,16,12123,12,41,50.8686,-126.9157,50.8686,-126.9157,2016-09-16 9:36,2016-09-16 10:04,-2,12,14,0,NA,0,multi,50.8686,-126.9157,12,1,0
1,2016,9,16,12151,12,41,50.870433,-126.877383,50.869916,-126.877166,2016-09-16 13:54,2016-09-16 14:25,-2,12,25,0,NA,0,multi,50.870433,-126.877383,12,1,0
1,2016,9,16,12152,12,41,50.873566,-126.87555,50.873582999999996,-126.8755,2016-09-16 12:29,2016-09-16 13:04,-3,12,18,1,NA,1,multi,50.873566,-126.87555,12,1,0
1,2016,9,16,12124,12,41,50.87435,-126.9065,50.874433,-126.906933,2016-09-16 10:31,2016-09-16 10:59,-3,11,20,0,NA,0,multi,50.87435,-126.9065,11,1,0
1,2016,9,16,12153,12,41,50.8774,-126.866516,50.876783,-126.8661,2016-09-16 12:20,2016-09-16 12:54,-3,12,19,0,NA,0,multi,50.8774,-126.866516,12,1,0
1,2016,9,16,12125,12,41,50.8799,-126.90265,50.880116,-126.903316,2016-09-16 10:48,2016-09-16 11:39,-2,12,20,0,NA,0,multi,50.8799,-126.90265,12,1,0
1,2016,9,16,12154,12,41,50.88035,-126.86355,50.880466,-126.8626,2016-09-16 11:26,2016-09-16 11:50,-2,12,19,0,NA,0,multi,50.88035,-126.86355,12,1,0
1,2016,9,16,12126,12,41,50.885883,-126.894416,50.885566,-126.8958,2016-09-16 13:37,2016-09-16 14:24,-4,12,22,0,NA,0,multi,50.885883,-126.894416,12,1,0
3,2018,9,16,12040,12,13,50.889266,-127.49905,50.888733,-127.49875,2018-09-16 8:28,2018-09-16 10:07,-1,13,19,1,NA,1,multi,50.889266,-127.49905,13,1,0
3,2018,9,16,12039,12,13,50.890216,-127.473666,50.890366,-127.475016,2018-09-16 14:08,2018-09-16 15:11,3,12,22,0,NA,0,multi,50.890216,-127.473666,12,1,0
3,2018,9,16,12042,12,13,50.89405,-127.495316,50.89385,-127.495466,2018-09-16 10:50,2018-09-16 11:43,-3,12,25,1,NA,1,multi,50.89405,-127.495316,12,1,0
3,2018,9,16,12043,12,13,50.894166,-127.4811,50.894083,-127.48125,2018-09-16 12:28,2018-09-16 13:26,0,11,23,1,NA,1,multi,50.894166,-127.4811,11,1,0
4,2019,9,16,4058,4,5,54.41945,-130.708566,54.419416,-130.708016,2019-09-16 8:14,2019-09-16 9:22,-1,12,21,0,NA,0,multi,54.41945,-130.708566,12,1,0
4,2019,9,16,4018,4,1,54.469533,-130.787133,54.4695,-130.786933,2019-09-16 10:33,2019-09-16 11:45,-3,11,22,0,NA,0,multi,54.469533,-130.787133,11,1,0
4,2019,9,16,4060,4,5,54.479833,-130.7803,54.479133,-130.779616,2019-09-16 12:25,2019-09-16 13:38,-2,11,24,0,NA,0,multi,54.479833,-130.7803,11,1,0
4,2019,9,16,4061,4,5,54.4858,-130.759966,54.4855,-130.759416,2019-09-16 14:31,2019-09-16 15:11,-4,12,18,0,NA,0,multi,54.4858,-130.759966,12,1,0
5,2020,9,16,2063,2,12,52.49345,-131.4758,52.49355,-131.477583,2020-09-16 8:10,2020-09-16 9:08,-1,9,25,0,NA,0,multi,52.49345,-131.4758,9,1,0
5,2020,9,16,2062,2,11,52.4986,-131.57135,52.498866,-131.572333,2020-09-16 9:50,2020-09-16 10:22,-2,9,12,0,NA,0,multi,52.4986,-131.57135,9,1,0
5,2020,9,16,2061,2,11,52.523466,-131.5034,52.523316,-131.503666,2020-09-16 8:29,2020-09-16 9:48,-1,11,17,0,NA,0,multi,52.523466,-131.5034,11,1,0
5,2020,9,16,2060,2,11,52.529883,-131.5783,52.529766,-131.577766,2020-09-16 10:20,2020-09-16 11:46,-4,11,25,0,NA,0,multi,52.529883,-131.5783,11,1,0
5,2020,9,16,2058,2,12,52.54105,-131.390216,52.5414,-131.391883,2020-09-16 11:07,2020-09-16 11:53,-3,10,25,0,NA,0,multi,52.54105,-131.390216,10,1,0
5,2020,9,16,2059,2,12,52.54915,-131.410416,52.549633,-131.4101,2020-09-16 12:55,2020-09-16 13:59,-3,12,19,0,NA,0,multi,52.54915,-131.410416,12,1,0
5,2020,9,16,2055,2,11,52.571566,-131.40555,52.5715,-131.4045,2020-09-16 14:31,2020-09-16 15:10,-2,13,21,0,NA,0,multi,52.571566,-131.40555,13,1,0
5,2020,9,16,2057,2,12,52.576533,-131.35535,52.576266,-131.35515,2020-09-16 12:45,2020-09-16 13:42,-1,12,19,0,NA,0,multi,52.576533,-131.35535,12,1,0
5,2020,9,16,2054,2,11,52.581933,-131.457333,52.582133,-131.457233,2020-09-16 15:46,2020-09-16 16:41,-1,13,21,0,NA,0,multi,52.581933,-131.457333,13,1,0
5,2020,9,16,2056,2,12,52.58265,-131.3672,52.5827,-131.368333,2020-09-16 14:20,2020-09-16 15:33,0,13,19,0,NA,0,multi,52.58265,-131.3672,13,1,0
6,2021,9,16,25092,25,13,49.824883,-126.973983,49.825233,-126.972466,2021-09-16 13:18,2021-09-16 14:00,1,11,25,0,NA,0,multi,49.824883,-126.973983,11,1,0
6,2021,9,16,25095,25,13,49.82635,-127.0245,49.8261,-127.025283,2021-09-16 11:25,2021-09-16 12:30,1,12,20,0,NA,0,multi,49.82635,-127.0245,12,1,0
6,2021,9,16,25098,25,13,49.84885,-126.93715,49.848766,-126.9371,2021-09-16 14:28,2021-09-16 15:04,-1,12,20,0,NA,0,multi,49.84885,-126.93715,12,1,0
6,2021,9,16,25103,25,13,49.857383,-126.990833,49.857366,-126.989966,2021-09-16 9:31,2021-09-16 10:40,-3,12,22,0,NA,0,multi,49.857383,-126.990833,12,1,0
6,2021,9,16,25104,25,13,49.8609,-126.844683,49.860766,-126.844733,2021-09-16 15:30,2021-09-16 16:04,0,13,14,0,NA,0,multi,49.8609,-126.844683,13,1,0
6,2021,9,16,25109,25,12,49.903966,-127.020483,49.904066,-127.020166,2021-09-16 7:57,2021-09-16 8:46,-2,12,20,0,NA,0,multi,49.903966,-127.020483,12,1,0
1,2016,9,17,12130,12,41,50.840533,-126.928366,50.8401,-126.929033,2016-09-17 7:44,2016-09-17 8:39,-1,12,22,0,NA,0,multi,50.840533,-126.928366,12,1,0
1,2016,9,17,12129,12,41,50.8425,-126.935083,50.8424,-126.934933,2016-09-17 9:12,2016-09-17 10:22,-1,18,25,0,NA,0,multi,50.8425,-126.935083,18,1,0
1,2016,9,17,12139,12,41,50.844916,-126.860133,50.84415,-126.860166,2016-09-17 12:38,2016-09-17 13:01,-2,12,21,0,NA,0,multi,50.844916,-126.860133,12,1,0
1,2016,9,17,12140,12,41,50.84605,-126.857883,50.846333,-126.857433,2016-09-17 13:21,2016-09-17 13:36,-3,12,22,0,NA,0,multi,50.84605,-126.857883,12,1,0
1,2016,9,17,12132,12,41,50.846283,-126.926616,50.846016,-126.925983,2016-09-17 7:50,2016-09-17 8:15,-1,12,14,1,NA,1,multi,50.846283,-126.926616,12,1,0
1,2016,9,17,12138,12,41,50.8493,-126.8685,50.84905,-126.868716,2016-09-17 12:10,2016-09-17 12:25,-3,12,21,0,NA,0,multi,50.8493,-126.8685,12,1,0
1,2016,9,17,12144,12,41,50.84935,-126.8639,50.849466,-126.863683,2016-09-17 14:20,2016-09-17 14:42,-4,12,17,0,NA,0,multi,50.84935,-126.8639,12,1,0
1,2016,9,17,12133,12,41,50.8497,-126.914783,50.849583,-126.914833,2016-09-17 8:31,2016-09-17 9:08,-1,12,20,0,NA,0,multi,50.8497,-126.914783,12,1,0
1,2016,9,17,12143,12,41,50.850566,-126.853283,50.851533,-126.852633,2016-09-17 14:00,2016-09-17 14:28,-4,8,25,0,NA,0,multi,50.850566,-126.853283,8,1,0
1,2016,9,17,12137,12,41,50.8517,-126.877816,50.8515,-126.87815,2016-09-17 11:42,2016-09-17 11:58,-2,12,17,0,NA,0,multi,50.8517,-126.877816,12,1,0
1,2016,9,17,12134,12,41,50.85175,-126.905933,50.851533,-126.905816,2016-09-17 9:28,2016-09-17 9:47,0,12,14,0,NA,0,multi,50.85175,-126.905933,12,1,0
1,2016,9,17,12145,12,41,50.852166,-126.871733,50.8532,-126.87095,2016-09-17 13:16,2016-09-17 13:56,-2,8,25,0,NA,0,multi,50.852166,-126.871733,8,1,0
1,2016,9,17,12135,12,41,50.853266,-126.895616,50.853133,-126.895483,2016-09-17 10:00,2016-09-17 10:24,-1,12,17,0,NA,0,multi,50.853266,-126.895616,12,1,0
1,2016,9,17,12146,12,41,50.855766,-126.880966,50.855916,-126.8809,2016-09-17 12:23,2016-09-17 12:53,-2,12,18,0,NA,0,multi,50.855766,-126.880966,12,1,0
1,2016,9,17,12136,12,41,50.856083,-126.890416,50.855733,-126.890533,2016-09-17 10:44,2016-09-17 11:12,-1,11,19,0,NA,0,multi,50.856083,-126.890416,11,1,0
1,2016,9,17,12147,12,41,50.86,-126.884933,50.860166,-126.884616,2016-09-17 11:16,2016-09-17 11:50,-2,12,21,0,NA,0,multi,50.86,-126.884933,12,1,0
3,2018,9,17,12222,12,13,50.887783,-127.4714,50.8874,-127.47145,2018-09-17 15:15,2018-09-17 16:11,0,13,24,0,NA,0,multi,50.887783,-127.4714,13,1,0
3,2018,9,17,12225,12,13,50.890333,-127.488233,50.89065,-127.48815,2018-09-17 8:35,2018-09-17 9:35,-2,12,19,0,NA,0,multi,50.890333,-127.488233,12,1,0
3,2018,9,17,12226,12,13,50.89255,-127.494883,50.89275,-127.495666,2018-09-17 10:21,2018-09-17 11:26,-1,12,20,1,NA,1,multi,50.89255,-127.494883,12,1,0
3,2018,9,17,12223,12,13,50.895016,-127.485966,50.894433,-127.486533,2018-09-17 13:49,2018-09-17 14:33,0,12,21,0,NA,0,multi,50.895016,-127.485966,12,1,0
3,2018,9,17,12227,12,13,50.895266,-127.4901,50.895066,-127.4907,2018-09-17 12:13,2018-09-17 13:13,-2,12,19,0,NA,0,multi,50.895266,-127.4901,12,1,0
5,2020,9,17,2052,2,11,52.571233,-131.563233,52.571666,-131.562783,2020-09-17 8:10,2020-09-17 9:25,-1,12,23,0,NA,0,multi,52.571233,-131.563233,12,1,0
5,2020,9,17,2053,2,11,52.597383,-131.460733,52.5963,-131.4604,2020-09-17 8:03,2020-09-17 8:38,0,7,25,0,NA,0,multi,52.597383,-131.460733,7,1,0
5,2020,9,17,2050,2,11,52.603266,-131.550233,52.603183,-131.550416,2020-09-17 9:54,2020-09-17 11:10,-3,11,17,0,NA,0,multi,52.603266,-131.550233,11,1,0
5,2020,9,17,2048,2,11,52.61885,-131.497983,52.61935,-131.498216,2020-09-17 11:40,2020-09-17 12:45,-3,11,23,0,NA,0,multi,52.61885,-131.497983,11,1,0
5,2020,9,17,2047,2,11,52.636866,-131.457516,52.636633,-131.459183,2020-09-17 10:14,2020-09-17 11:08,-3,9,25,0,NA,0,multi,52.636866,-131.457516,9,1,0
5,2020,9,17,2049,2,11,52.637483,-131.570166,52.6374,-131.570416,2020-09-17 9:17,2020-09-17 9:38,-1,11,12,0,NA,0,multi,52.637483,-131.570166,11,1,0
5,2020,9,17,2046,2,11,52.665233,-131.460066,52.665583,-131.461866,2020-09-17 11:40,2020-09-17 12:22,-4,8,25,0,NA,0,multi,52.665233,-131.460066,8,1,0
5,2020,9,17,2035,2,9,52.707033,-131.641533,52.706816,-131.641566,2020-09-17 14:42,2020-09-17 15:11,-1,13,23,0,NA,0,multi,52.707033,-131.641533,13,1,0
5,2020,9,17,2045,2,8,52.709783,-131.442133,52.709316,-131.443716,2020-09-17 13:05,2020-09-17 13:56,-3,11,25,0,NA,0,multi,52.709783,-131.442133,11,1,0
5,2020,9,17,2044,2,8,52.737733,-131.48085,52.736683,-131.481333,2020-09-17 14:00,2020-09-17 14:50,-3,10,22,0,NA,0,multi,52.737733,-131.48085,10,1,0
5,2020,9,17,2026,2,8,52.771016,-131.621583,52.770483,-131.623083,2020-09-17 15:32,2020-09-17 16:34,-1,12,25,0,NA,0,multi,52.771016,-131.621583,12,1,0
5,2020,9,17,2025,2,8,52.7731,-131.56175,52.771966,-131.561883,2020-09-17 15:45,2020-09-17 16:32,1,9,25,0,NA,0,multi,52.7731,-131.56175,9,1,0
6,2021,9,17,25070,25,15,49.633216,-126.4801,49.6332,-126.479866,2021-09-17 8:20,2021-09-17 9:07,-3,11,25,0,NA,0,multi,49.633216,-126.4801,11,1,0
6,2021,9,17,25078,25,15,49.638533,-126.507033,49.638966,-126.507466,2021-09-17 11:31,2021-09-17 12:20,-2,12,22,0,NA,0,multi,49.638533,-126.507033,12,1,0
6,2021,9,17,25071,25,15,49.64095,-126.479116,49.640883,-126.47885,2021-09-17 9:30,2021-09-17 10:55,-2,12,25,0,NA,0,multi,49.64095,-126.479116,12,1,0
6,2021,9,17,25082,25,4,49.66475,-126.4638,49.66495,-126.4632,2021-09-17 13:53,2021-09-17 14:49,0,11,19,0,NA,0,multi,49.66475,-126.4638,11,1,0
1,2016,9,18,12064,12,11,50.8303,-127.54885,50.830416,-127.549716,2016-09-18 7:47,2016-09-18 8:45,-1,12,21,2,NA,1,multi,50.8303,-127.54885,12,1,0
1,2016,9,18,12085,12,11,50.832766,-127.536,50.832966,-127.535866,2016-09-18 14:56,2016-09-18 15:31,-1,12,17,0,NA,0,multi,50.832766,-127.536,12,1,0
1,2016,9,18,12087,12,11,50.833116,-127.54265,50.833366,-127.542566,2016-09-18 7:51,2016-09-18 8:15,-1,12,17,0,NA,0,multi,50.833116,-127.54265,12,1,0
1,2016,9,18,12082,12,11,50.833183,-127.5275,50.833083,-127.52755,2016-09-18 13:47,2016-09-18 14:21,-3,8,19,5,NA,1,multi,50.833183,-127.5275,8,1,0
1,2016,9,18,12086,12,11,50.8344,-127.532866,50.8348,-127.532416,2016-09-18 14:25,2016-09-18 14:51,-2,9,19,2,NA,1,multi,50.8344,-127.532866,9,1,0
1,2016,9,18,12088,12,11,50.8353,-127.554333,50.8353,-127.554333,2016-09-18 8:33,2016-09-18 9:08,-1,12,17,0,NA,0,multi,50.8353,-127.554333,12,1,0
1,2016,9,18,12094,12,11,50.837616,-127.527416,50.837483,-127.528333,2016-09-18 12:56,2016-09-18 13:50,-2,12,21,0,NA,0,multi,50.837616,-127.527416,12,1,0
1,2016,9,18,12077,12,11,50.838616,-127.560316,50.8382,-127.56065,2016-09-18 9:29,2016-09-18 10:17,0,12,25,0,NA,0,multi,50.838616,-127.560316,12,1,0
1,2016,9,18,12089,12,11,50.839633,-127.552283,50.8393,-127.551966,2016-09-18 9:48,2016-09-18 10:33,-1,12,20,1,NA,1,multi,50.839633,-127.552283,12,1,0
1,2016,9,18,12091,12,11,50.839833,-127.537816,50.83955,-127.537633,2016-09-18 12:02,2016-09-18 12:55,-2,12,21,3,NA,1,multi,50.839833,-127.537816,12,1,0
1,2016,9,18,12090,12,11,50.840616,-127.5425,50.840383,-127.543016,2016-09-18 11:18,2016-09-18 12:16,-1,12,24,5,NA,1,multi,50.840616,-127.5425,12,1,0
1,2016,9,18,12095,12,11,50.840666,-127.556133,50.840666,-127.556183,2016-09-18 10:40,2016-09-18 11:33,-1,12,19,3,NA,1,multi,50.840666,-127.556133,12,1,0
3,2018,9,18,12238,12,13,50.8256,-127.52065,50.825616,-127.520666,2018-09-18 14:36,2018-09-18 15:15,-1,12,18,1,NA,1,multi,50.8256,-127.52065,12,1,0
3,2018,9,18,12254,12,13,50.828616,-127.527066,50.829033,-127.526883,2018-09-18 12:59,2018-09-18 14:02,0,12,18,0,NA,0,multi,50.828616,-127.527066,12,1,0
3,2018,9,18,12251,12,13,50.8287,-127.563266,50.829333,-127.564183,2018-09-18 8:18,2018-09-18 9:51,0,12,21,1,NA,1,multi,50.8287,-127.563266,12,1,0
3,2018,9,18,12253,12,13,50.833233,-127.527533,50.833083,-127.527633,2018-09-18 11:52,2018-09-18 12:24,-2,7,18,1,NA,1,multi,50.833233,-127.527533,7,1,0
3,2018,9,18,12256,12,13,50.8334,-127.5389,50.833516,-127.539216,2018-09-18 10:25,2018-09-18 11:15,-2,12,24,0,NA,0,multi,50.8334,-127.5389,12,1,0
5,2020,9,18,2033,2,8,52.714416,-131.730866,52.714333,-131.731416,2020-09-18 10:32,2020-09-18 11:35,-3,11,23,0,NA,0,multi,52.714416,-131.730866,11,1,0
5,2020,9,18,2034,2,8,52.7295,-131.651083,52.728983,-131.650966,2020-09-18 12:52,2020-09-18 13:56,-4,11,21,1,NA,1,multi,52.7295,-131.651083,11,1,0
5,2020,9,18,2031,2,8,52.7492,-131.68275,52.749383,-131.682866,2020-09-18 11:30,2020-09-18 12:43,-5,10,22,0,NA,0,multi,52.7492,-131.68275,10,1,0
5,2020,9,18,2030,2,8,52.7518,-131.888283,52.75175,-131.8889,2020-09-18 9:24,2020-09-18 9:43,-1,12,22,0,NA,0,multi,52.7518,-131.888283,12,1,0
5,2020,9,18,2029,2,8,52.7623,-131.845733,52.76205,-131.84585,2020-09-18 10:04,2020-09-18 10:29,-1,11,17,0,NA,0,multi,52.7623,-131.845733,11,1,0
5,2020,9,18,2027,2,8,52.77235,-131.719733,52.77215,-131.719716,2020-09-18 8:03,2020-09-18 8:46,0,13,16,0,NA,0,multi,52.77235,-131.719733,13,1,0
5,2020,9,18,2028,2,8,52.787516,-131.7311,52.787633,-131.731016,2020-09-18 8:25,2020-09-18 9:42,-1,13,25,0,NA,0,multi,52.787516,-131.7311,13,1,0
6,2021,9,18,25083,25,6,49.663366,-126.579683,49.6633,-126.579816,2021-09-18 14:25,2021-09-18 15:32,-1,11,19,0,NA,0,multi,49.663366,-126.579683,11,1,0
6,2021,9,18,25084,25,6,49.6784,-126.597483,49.678516,-126.59755,2021-09-18 12:36,2021-09-18 13:03,-2,12,21,0,NA,0,multi,49.6784,-126.597483,12,1,0
6,2021,9,18,25085,25,6,49.6895,-126.624333,49.6896,-126.624516,2021-09-18 13:29,2021-09-18 13:54,-2,12,14,0,NA,0,multi,49.6895,-126.624333,12,1,0
6,2021,9,18,25086,25,4,49.694583,-126.561783,49.694683,-126.561966,2021-09-18 10:55,2021-09-18 11:43,-3,12,25,0,NA,0,multi,49.694583,-126.561783,12,1,0
6,2021,9,18,25087,25,4,49.709815999999996,-126.5027,49.709983,-126.502733,2021-09-18 9:12,2021-09-18 10:25,1,12,25,0,NA,0,multi,49.709815999999996,-126.5027,12,1,0
6,2021,9,18,25088,25,4,49.72075,-126.4646,49.720683,-126.464333,2021-09-18 8:05,2021-09-18 8:48,-2,11,17,1,NA,1,multi,49.72075,-126.4646,11,1,0
1,2016,9,19,12078,12,11,50.831666,-127.554933,50.83165,-127.556433,2016-09-19 7:48,2016-09-19 8:39,0,11,22,5,NA,1,multi,50.831666,-127.554933,11,1,0
1,2016,9,19,12066,12,11,50.835783,-127.59685,50.83575,-127.596466,2016-09-19 15:15,2016-09-19 15:49,-2,12,13,4,NA,1,multi,50.835783,-127.59685,12,1,0
1,2016,9,19,12093,12,11,50.836583,-127.518883,50.836533,-127.5192,2016-09-19 12:29,2016-09-19 12:59,-2,12,15,1,NA,1,multi,50.836583,-127.518883,12,1,0
1,2016,9,19,12067,12,11,50.83885,-127.594366,50.839333,-127.5927,2016-09-19 15:05,2016-09-19 15:35,-1,11,25,1,NA,1,multi,50.83885,-127.594366,11,1,0
1,2016,9,19,12076,12,11,50.839633,-127.5676,50.838783,-127.56865,2016-09-19 7:53,2016-09-19 8:35,-2,10,25,0,NA,0,multi,50.839633,-127.5676,10,1,0
1,2016,9,19,12068,12,11,50.842116,-127.598416,50.84315,-127.597916,2016-09-19 14:14,2016-09-19 14:51,-2,11,24,0,NA,0,multi,50.842116,-127.598416,11,1,0
1,2016,9,19,12096,12,11,50.842283,-127.51845,50.842383,-127.51885,2016-09-19 10:38,2016-09-19 11:27,-2,12,21,0,NA,0,multi,50.842283,-127.51845,12,1,0
1,2016,9,19,12075,12,11,50.842783,-127.577083,50.842083,-127.57775,2016-09-19 9:08,2016-09-19 9:35,-1,1,19,0,NA,0,multi,50.842783,-127.577083,1,1,0
1,2016,9,19,12073,12,11,50.84295,-127.566583,50.842733,-127.5682,2016-09-19 9:19,2016-09-19 10:09,-1,12,25,1,NA,1,multi,50.84295,-127.566583,12,1,0
1,2016,9,19,12074,12,11,50.843483,-127.5797,50.844083,-127.579666,2016-09-19 9:54,2016-09-19 10:19,-1,1,20,0,NA,0,multi,50.843483,-127.5797,1,1,0
1,2016,9,19,12069,12,11,50.847033,-127.5926,50.846716,-127.592416,2016-09-19 13:53,2016-09-19 14:35,-1,13,22,1,NA,1,multi,50.847033,-127.5926,13,1,0
1,2016,9,19,12071,12,11,50.84805,-127.584033,50.84745,-127.584683,2016-09-19 11:04,2016-09-19 11:36,0,12,18,0,NA,0,multi,50.84805,-127.584033,12,1,0
1,2016,9,19,12070,12,11,50.851666,-127.5896,50.851183,-127.589583,2016-09-19 12:52,2016-09-19 13:45,-3,12,18,1,NA,1,multi,50.851666,-127.5896,12,1,0
3,2018,9,19,12201,12,13,50.871766,-127.485983,50.871616,-127.486183,2018-09-19 8:53,2018-09-19 9:40,-2,7,16,0,NA,0,multi,50.871766,-127.485983,7,1,0
3,2018,9,19,12213,12,13,50.871883,-127.476733,50.872833,-127.477683,2018-09-19 10:29,2018-09-19 11:42,-2,7,25,1,NA,1,multi,50.871883,-127.476733,7,1,0
3,2018,9,19,12205,12,13,50.872366,-127.471016,50.8724,-127.470783,2018-09-19 13:53,2018-09-19 14:41,-2,12,24,2,NA,1,multi,50.872366,-127.471016,12,1,0
3,2018,9,19,12202,12,13,50.8726,-127.450016,50.872283,-127.450583,2018-09-19 15:20,2018-09-19 16:14,-1,13,19,1,NA,1,multi,50.8726,-127.450016,13,1,0
3,2018,9,19,12214,12,13,50.872916,-127.483283,50.87325,-127.483133,2018-09-19 12:25,2018-09-19 13:21,-1,5,20,0,NA,0,multi,50.872916,-127.483283,5,1,0
6,2021,9,19,25067,25,15,49.605933,-126.532683,49.606,-126.533,2021-09-19 11:29,2021-09-19 12:13,-2,12,15,0,NA,0,multi,49.605933,-126.532683,12,1,0
6,2021,9,19,25069,25,15,49.610766,-126.496816,49.610766,-126.49665,2021-09-19 10:08,2021-09-19 10:59,0,12,18,0,NA,0,multi,49.610766,-126.496816,12,1,0
6,2021,9,19,25072,25,6,49.614016,-126.5405,49.613983,-126.54035,2021-09-19 13:00,2021-09-19 13:48,-1,11,19,0,NA,0,multi,49.614016,-126.5405,11,1,0
6,2021,9,19,25073,25,15,49.6251,-126.51455,49.6251,-126.5148,2021-09-19 8:44,2021-09-19 9:24,0,12,25,0,NA,0,multi,49.6251,-126.51455,12,1,0
6,2021,9,19,25075,25,6,49.63455,-126.5683,49.634466,-126.56795,2021-09-19 14:16,2021-09-19 15:01,-1,11,16,1,NA,1,multi,49.63455,-126.5683,11,1,0
1,2016,9,20,12079,12,11,50.828233,-127.565083,50.8291,-127.564783,2016-09-20 7:50,2016-09-20 8:35,-3,12,23,1,NA,1,multi,50.828233,-127.565083,12,1,0
1,2016,9,20,12080,12,11,50.828416,-127.571583,50.8291,-127.571683,2016-09-20 9:08,2016-09-20 9:57,-2,12,23,4,NA,1,multi,50.828416,-127.571583,12,1,0
1,2016,9,20,12081,12,11,50.83095,-127.5796,50.83065,-127.579066,2016-09-20 9:11,2016-09-20 9:35,-2,12,18,4,NA,1,multi,50.83095,-127.5796,12,1,0
1,2016,9,20,12065,12,11,50.831383,-127.59195,50.831716,-127.59155,2016-09-20 7:50,2016-09-20 8:43,-2,12,22,1,NA,1,multi,50.831383,-127.59195,12,1,0
3,2018,9,20,12211,12,13,50.873733,-127.488633,50.8744,-127.488283,2018-09-20 14:21,2018-09-20 15:23,-3,6,22,1,NA,1,multi,50.873733,-127.488633,6,1,0
3,2018,9,20,12209,12,13,50.874166,-127.463616,50.873883,-127.465183,2018-09-20 8:11,2018-09-20 8:57,-1,7,25,1,NA,1,multi,50.874166,-127.463616,7,1,0
3,2018,9,20,12221,12,13,50.881416,-127.47065,50.881316,-127.4716,2018-09-20 9:26,2018-09-20 10:28,-3,12,25,1,NA,1,multi,50.881416,-127.47065,12,1,0
3,2018,9,20,12206,12,13,50.88285,-127.483933,50.88325,-127.48345,2018-09-20 12:37,2018-09-20 13:28,-1,2,18,0,NA,0,multi,50.88285,-127.483933,2,1,0
3,2018,9,20,12207,12,13,50.887016,-127.48445,50.886483,-127.484016,2018-09-20 11:03,2018-09-20 11:54,-4,6,20,0,NA,0,multi,50.887016,-127.48445,6,1,0
4,2019,9,20,4067,4,8,54.454116,-130.419233,54.453033,-130.41895,2019-09-20 8:05,2019-09-20 8:50,-2,-1,25,0,NA,0,multi,54.454116,-130.419233,-1,1,0
4,2019,9,20,4066,4,7,54.485616,-130.450933,54.486566,-130.450216,2019-09-20 9:25,2019-09-20 10:04,-2,10,24,0,NA,0,multi,54.485616,-130.450933,10,1,0
4,2019,9,20,4065,4,5,54.5056,-130.472133,54.505683,-130.470866,2019-09-20 11:04,2019-09-20 12:12,-2,12,20,0,NA,0,multi,54.5056,-130.472133,12,1,0
4,2019,9,20,4064,4,5,54.527933,-130.485383,54.528383,-130.483783,2019-09-20 13:12,2019-09-20 14:21,-1,12,23,0,NA,0,multi,54.527933,-130.485383,12,1,0
4,2019,9,20,3020,3,4,54.546733,-130.443283,54.546483,-130.44145,2019-09-20 15:14,2019-09-20 16:21,0,9,25,1,NA,1,multi,54.546733,-130.443283,9,1,0
3,2018,9,21,12239,12,13,50.833966,-127.515933,50.833766,-127.516083,2018-09-21 8:42,2018-09-21 9:58,-2,12,21,0,NA,0,multi,50.833966,-127.515933,12,1,0
3,2018,9,21,12257,12,13,50.836083,-127.556366,50.836083,-127.5561,2018-09-21 10:34,2018-09-21 11:02,-2,12,20,2,NA,1,multi,50.836083,-127.556366,12,1,0
3,2018,9,21,12258,12,13,50.84105,-127.546466,50.84085,-127.54625,2018-09-21 13:06,2018-09-21 14:12,-1,12,17,0,NA,0,multi,50.84105,-127.546466,12,1,0
3,2018,9,21,12246,12,13,50.848316,-127.582683,50.848066,-127.5825,2018-09-21 14:39,2018-09-21 15:36,-2,12,17,2,NA,1,multi,50.848316,-127.582683,12,1,0
4,2019,9,21,3019,3,4,54.55785,-130.469683,54.557566,-130.471033,2019-09-21 11:41,2019-09-21 12:30,-2,11,21,0,NA,0,multi,54.55785,-130.469683,11,1,0
4,2019,9,21,3021,3,5,54.562966,-130.386816,54.563083,-130.38575,2019-09-21 10:11,2019-09-21 10:55,-2,11,23,1,NA,1,multi,54.562966,-130.386816,11,1,0
6,2021,9,21,26130,26,5,50.07055,-127.237633,50.070566,-127.23735,2021-09-21 12:29,2021-09-21 13:10,-1,13,15,0,NA,0,multi,50.07055,-127.237633,13,1,0
6,2021,9,21,26132,26,2,50.079166,-127.200416,50.079333,-127.200333,2021-09-21 10:59,2021-09-21 11:35,-2,13,16,0,NA,0,multi,50.079166,-127.200416,13,1,0
6,2021,9,21,26134,26,5,50.0917,-127.20575,50.0919,-127.205816,2021-09-21 13:55,2021-09-21 14:38,-2,13,16,1,NA,1,multi,50.0917,-127.20575,13,1,0
6,2021,9,21,26136,26,4,50.104266,-127.137916,50.104366,-127.137816,2021-09-21 9:21,2021-09-21 10:05,-1,13,16,0,NA,0,multi,50.104266,-127.137916,13,1,0
3,2018,9,22,12260,12,13,50.837016,-127.519283,50.837066,-127.519316,2018-09-22 9:19,2018-09-22 10:13,-2,12,20,2,NA,1,multi,50.837016,-127.519283,12,1,0
3,2018,9,22,12249,12,13,50.8395,-127.55155,50.839083,-127.552966,2018-09-22 12:27,2018-09-22 13:12,-1,9,25,0,NA,0,multi,50.8395,-127.55155,9,1,0
3,2018,9,22,12259,12,13,50.839816,-127.532466,50.8398,-127.532466,2018-09-22 10:46,2018-09-22 11:45,-1,12,20,1,NA,1,multi,50.839816,-127.532466,12,1,0
3,2018,9,22,12262,12,13,50.8429,-127.520216,50.842866,-127.521,2018-09-22 8:01,2018-09-22 8:49,-2,10,20,0,NA,0,multi,50.8429,-127.520216,10,1,0
3,2018,9,22,12245,12,13,50.849566,-127.5935,50.8495,-127.593316,2018-09-22 14:04,2018-09-22 15:15,-1,12,21,0,NA,0,multi,50.849566,-127.5935,12,1,0
6,2021,9,22,26114,26,2,49.97475,-127.235883,49.974633,-127.235516,2021-09-22 15:15,2021-09-22 16:03,-1,12,18,0,NA,0,multi,49.97475,-127.235883,12,1,0
6,2021,9,22,26118,26,2,50.004516,-127.242866,50.005433,-127.242716,2021-09-22 12:55,2021-09-22 14:30,-1,13,23,0,NA,0,multi,50.004516,-127.242866,13,1,0
6,2021,9,22,26121,26,2,50.02535,-127.238416,50.0253,-127.238533,2021-09-22 10:37,2021-09-22 11:32,0,13,25,0,NA,0,multi,50.02535,-127.238416,13,1,0
6,2021,9,22,26126,26,2,50.042233,-127.171983,50.04205,-127.171666,2021-09-22 9:09,2021-09-22 9:40,-1,12,18,0,NA,0,multi,50.042233,-127.171983,12,1,0
6,2021,9,22,26128,26,2,50.053883,-127.174816,50.05385,-127.174416,2021-09-22 7:54,2021-09-22 8:32,-1,11,17,0,NA,0,multi,50.053883,-127.174816,11,1,0
3,2018,9,23,12252,12,13,50.827883,-127.575516,50.828766,-127.576216,2018-09-23 8:10,2018-09-23 9:14,0,7,25,1,NA,1,multi,50.827883,-127.575516,7,1,0
3,2018,9,23,12242,12,13,50.831433,-127.591916,50.8317,-127.59185,2018-09-23 9:52,2018-09-23 10:46,-2,12,18,4,NA,1,multi,50.831433,-127.591916,12,1,0
3,2018,9,23,12244,12,13,50.8423,-127.598816,50.843166,-127.59795,2018-09-23 11:47,2018-09-23 12:35,-2,12,26,1,NA,1,multi,50.8423,-127.598816,12,1,0
6,2021,9,23,26115,26,6,49.990566,-127.299083,49.991,-127.299033,2021-09-23 15:24,2021-09-23 16:20,-2,13,18,0,NA,0,multi,49.990566,-127.299083,13,1,0
6,2021,9,23,26119,26,6,50.012883,-127.347516,50.013233,-127.34885,2021-09-23 13:25,2021-09-23 14:36,0,12,26,1,NA,1,multi,50.012883,-127.347516,12,1,0
6,2021,9,23,26120,26,6,50.014266,-127.380716,50.013216,-127.380366,2021-09-23 10:15,2021-09-23 10:57,1,4,25,0,NA,0,multi,50.014266,-127.380716,4,1,0
6,2021,9,23,26124,26,6,50.02855,-127.388716,50.029583,-127.389183,2021-09-23 11:34,2021-09-23 12:21,0,11,25,0,NA,0,multi,50.02855,-127.388716,11,1,0
6,2021,9,23,26122,26,6,50.02915,-127.313266,50.029216,-127.31315,2021-09-23 8:03,2021-09-23 8:50,-2,12,24,0,NA,0,multi,50.02915,-127.313266,12,1,0
2,2017,8,24,19003,19,5,48.66635,-123.2957,48.665333,-123.2962,2017-08-24 15:14,2017-08-24 16:08,0,8,25,0,NA,0,multi,48.66635,-123.2957,8,1,0
2,2017,8,24,19004,19,5,48.6789,-123.32425,48.679183,-123.323866,2017-08-24 13:42,2017-08-24 14:22,-2,4,22,0,NA,0,multi,48.6789,-123.32425,4,1,0
6,2021,9,24,27138,27,7,50.464816,-127.857333,50.464366,-127.855833,2021-09-24 13:17,2021-09-24 14:20,0,12,24,0,NA,0,multi,50.464816,-127.857333,12,1,0
6,2021,9,24,27139,27,3,50.470566,-128.032616,50.4711,-128.032616,2021-09-24 9:09,2021-09-24 10:22,0,12,24,0,NA,0,multi,50.470566,-128.032616,12,1,0
6,2021,9,24,27144,27,7,50.51545,-127.707166,50.5164,-127.707683,2021-09-24 15:20,2021-09-24 15:55,-1,13,19,0,NA,0,multi,50.51545,-127.707166,13,1,0
6,2021,9,24,27147,27,3,50.52455,-128.018866,50.52545,-128.019833,2021-09-24 11:14,2021-09-24 11:51,-1,9,25,0,NA,0,multi,50.52455,-128.018866,9,1,0
2,2017,8,25,19002,19,5,48.665666,-123.292666,48.664616,-123.293,2017-08-25 8:03,2017-08-25 8:58,-1,4,25,0,NA,0,multi,48.665666,-123.292666,4,1,0
2,2017,8,25,19005,19,5,48.677433,-123.339533,48.678133,-123.3396,2017-08-25 10:21,2017-08-25 11:16,1,12,23,0,NA,0,multi,48.677433,-123.339533,12,1,0
2,2017,8,25,18008,18,6,48.6826,-123.393416,48.683266,-123.3933,2017-08-25 12:26,2017-08-25 13:10,-2,10,25,0,NA,0,multi,48.6826,-123.393416,10,1,0
2,2017,8,25,18009,18,6,48.6892,-123.386383,48.689466,-123.3858,2017-08-25 13:43,2017-08-25 14:15,-1,12,25,0,NA,0,multi,48.6892,-123.386383,12,1,0
2,2017,8,25,18010,18,6,48.691533,-123.382716,48.690616,-123.38235,2017-08-25 14:48,2017-08-25 15:33,-1,11,26,0,NA,0,multi,48.691533,-123.382716,11,1,0
6,2021,9,25,27141,27,7,50.483116,-127.818016,50.483183,-127.8178,2021-09-25 11:24,2021-09-25 12:54,-1,13,25,0,NA,0,multi,50.483116,-127.818016,13,1,0
6,2021,9,25,27143,27,7,50.512416,-127.6723,50.512533,-127.672116,2021-09-25 10:00,2021-09-25 10:33,-1,12,24,0,NA,0,multi,50.512416,-127.6723,12,1,0
6,2021,9,25,27146,27,7,50.52125,-127.631833,50.521033,-127.63195,2021-09-25 7:42,2021-09-25 8:17,-2,12,15,0,NA,0,multi,50.52125,-127.631833,12,1,0
6,2021,9,25,27145,27,7,50.521483,-127.623433,50.521133,-127.622366,2021-09-25 8:50,2021-09-25 9:37,-1,12,23,1,NA,1,multi,50.521483,-127.623433,12,1,0
2,2017,8,26,19001,19,5,48.663983,-123.279266,48.663816,-123.279283,2017-08-26 7:56,2017-08-26 8:38,-1,12,17,0,NA,0,multi,48.663983,-123.279266,12,1,0
2,2017,8,26,19006,19,5,48.672533,-123.35735,48.672166,-123.357783,2017-08-26 9:12,2017-08-26 9:55,-2,13,23,0,NA,0,multi,48.672533,-123.35735,13,1,0
2,2017,8,26,18020,18,4,48.7019,-123.29945,48.70195,-123.300683,2017-08-26 12:23,2017-08-26 12:55,-1,11,20,0,NA,0,multi,48.7019,-123.29945,11,1,0
2,2017,8,26,18013,18,6,48.7165,-123.3838,48.717116,-123.38515,2017-08-26 13:47,2017-08-26 14:28,-2,8,26,0,NA,0,multi,48.7165,-123.3838,8,1,0
2,2017,8,26,18017,18,6,48.71655,-123.330733,48.716983,-123.330233,2017-08-26 10:30,2017-08-26 11:12,-2,12,22,0,NA,0,multi,48.71655,-123.330733,12,1,0
2,2017,8,26,18015,18,6,48.734766,-123.37955,48.735216,-123.378283,2017-08-26 15:19,2017-08-26 15:57,-1,11,22,0,NA,0,multi,48.734766,-123.37955,11,1,0
2,2017,8,27,18054,18,5,48.827883,-123.303716,48.828016,-123.303483,2017-08-27 14:00,2017-08-27 14:27,-2,12,17,0,NA,0,multi,48.827883,-123.303716,12,1,0
2,2017,8,27,18043,18,2,48.83695,-123.32555,48.83735,-123.3245,2017-08-27 11:51,2017-08-27 12:22,-1,11,25,0,NA,0,multi,48.83695,-123.32555,11,1,0
2,2017,8,27,18044,18,2,48.843166,-123.331366,48.842716,-123.331416,2017-08-27 13:05,2017-08-27 13:31,-2,12,20,0,NA,0,multi,48.843166,-123.331366,12,1,0
2,2017,8,27,18037,18,2,48.843483,-123.386316,48.8432,-123.386816,2017-08-27 7:52,2017-08-27 8:22,-2,13,18,0,NA,0,multi,48.843483,-123.386316,13,1,0
2,2017,8,27,18045,18,2,48.8568,-123.330116,48.856066,-123.329933,2017-08-27 15:15,2017-08-27 15:49,-2,13,23,0,NA,0,multi,48.8568,-123.330116,13,1,0
2,2017,8,27,18039,18,2,48.864483,-123.348533,48.864733,-123.349633,2017-08-27 9:30,2017-08-27 10:57,1,13,20,0,NA,0,multi,48.864483,-123.348533,13,1,0
5,2020,8,27,28009,28,10,49.286616,-123.10255,49.285583,-123.102883,2020-08-27 13:50,2020-08-27 14:26,-2,8,23,0,NA,0,multi,49.286616,-123.10255,8,1,0
2,2017,8,28,18026,18,5,48.804366,-123.274966,48.804166,-123.27665,2017-08-28 11:55,2017-08-28 12:17,-2,11,25,0,NA,0,multi,48.804366,-123.274966,11,1,0
2,2017,8,28,18028,18,4,48.816066,-123.3584,48.8163,-123.35815,2017-08-28 14:38,2017-08-28 15:15,-1,12,27,0,NA,0,multi,48.816066,-123.3584,12,1,0
2,2017,8,28,18025,18,5,48.816766,-123.284816,48.8162,-123.286016,2017-08-28 13:37,2017-08-28 14:05,-2,12,23,0,NA,0,multi,48.816766,-123.284816,12,1,0
2,2017,8,28,18024,18,5,48.822183,-123.319016,48.82185,-123.319133,2017-08-28 9:09,2017-08-28 9:49,-2,13,25,0,NA,0,multi,48.822183,-123.319016,13,1,0
2,2017,8,28,18027,18,2,48.83185,-123.355683,48.831583,-123.3558,2017-08-28 10:33,2017-08-28 11:06,-3,12,19,0,NA,0,multi,48.83185,-123.355683,12,1,0
2,2017,8,28,18036,18,2,48.846083,-123.4025,48.846166,-123.402066,2017-08-28 8:00,2017-08-28 8:28,-2,12,20,0,NA,0,multi,48.846083,-123.4025,12,1,0
5,2020,8,28,28007,28,11,49.289316,-122.8504,49.289483,-122.8486,2020-08-28 13:09,2020-08-28 13:34,-2,1,25,0,NA,0,multi,49.289316,-122.8504,1,1,0
5,2020,8,28,28008,28,11,49.290133,-122.918583,49.2895,-122.919483,2020-08-28 14:00,2020-08-28 14:35,-2,11,21,0,NA,0,multi,49.290133,-122.918583,11,1,0
5,2020,8,28,28011,28,11,49.3068,-122.984,49.307483,-122.9836,2020-08-28 11:31,2020-08-28 12:06,-2,12,22,0,NA,0,multi,49.3068,-122.984,12,1,0
5,2020,8,28,28003,28,12,49.330316,-122.916416,49.330083,-122.91575,2020-08-28 9:28,2020-08-28 10:32,-1,12,25,0,NA,0,multi,49.330316,-122.916416,12,1,0
5,2020,8,29,28IA14,28,12,49.340316,-122.9226,49.340783,-122.9228,2020-08-29 15:18,2020-08-29 15:48,-1,13,17,0,NA,0,multi,49.340316,-122.9226,13,1,0
5,2020,8,29,28IA15,28,12,49.3706,-122.889833,49.370766,-122.8901,2020-08-29 14:20,2020-08-29 14:50,-3,11,18,0,NA,0,multi,49.3706,-122.889833,11,1,0
5,2020,8,29,28IA10,28,12,49.377766,-122.883183,49.37775,-122.883183,2020-08-29 13:08,2020-08-29 13:43,-1,11,19,0,NA,0,multi,49.377766,-122.883183,11,1,0
5,2020,8,29,28IA16,28,12,49.406916,-122.884516,49.40695,-122.884616,2020-08-29 11:26,2020-08-29 12:06,-1,12,19,0,NA,0,multi,49.406916,-122.884516,12,1,0
5,2020,8,29,28IA19,28,13,49.43375,-122.8563,49.4338,-122.856116,2020-08-29 9:50,2020-08-29 10:41,0,12,24,0,NA,0,multi,49.43375,-122.8563,12,1,0
5,2020,8,29,28IA17,28,13,49.444816,-122.876766,49.44495,-122.877,2020-08-29 8:29,2020-08-29 9:11,-1,13,15,0,NA,0,multi,49.444816,-122.876766,13,1,0
3,2018,8,30,12059,12,13,50.825833,-127.522533,50.826066,-127.522216,2018-08-30 11:06,2018-08-30 11:46,0,12,14,0,NA,0,multi,50.825833,-127.522533,12,1,0
3,2018,8,30,12086,12,13,50.834383,-127.532683,50.834733,-127.532433,2018-08-30 13:40,2018-08-30 14:25,-3,9,20,2,NA,1,multi,50.834383,-127.532683,9,1,0
3,2018,8,30,12093,12,13,50.836566,-127.518766,50.836533,-127.519183,2018-08-30 8:42,2018-08-30 9:55,1,12,15,1,NA,1,multi,50.836566,-127.518766,12,1,0
3,2018,8,30,12096,12,13,50.842433,-127.518366,50.842416,-127.519116,2018-08-30 13:03,2018-08-30 14:20,-1,12,21,0,NA,0,multi,50.842433,-127.518366,12,1,0
5,2020,8,30,28IA02,28,11,49.291583,-122.943966,49.290733,-122.944116,2020-08-30 15:05,2020-08-30 15:31,-2,11,23,0,NA,0,multi,49.291583,-122.943966,11,1,0
5,2020,8,30,28IA05,28,11,49.291716,-122.8573,49.292416,-122.856233,2020-08-30 12:47,2020-08-30 13:06,1,3,25,0,NA,0,multi,49.291716,-122.8573,3,1,0
5,2020,8,30,28IA06,28,11,49.295366,-122.903383,49.295716,-122.903733,2020-08-30 13:58,2020-08-30 14:26,-2,9,17,0,NA,0,multi,49.295366,-122.903383,9,1,0
5,2020,8,30,28IA07,28,12,49.316533,-122.928716,49.317433,-122.929016,2020-08-30 8:00,2020-08-30 8:32,-1,11,25,0,NA,0,multi,49.316533,-122.928716,11,1,0
5,2020,8,30,28IA08,28,12,49.3184,-122.915916,49.31745,-122.916866,2020-08-30 9:26,2020-08-30 9:56,-1,13,24,0,NA,0,multi,49.3184,-122.915916,13,1,0
5,2020,8,30,28IA09,28,12,49.339283,-122.89165,49.3393,-122.891516,2020-08-30 10:33,2020-08-30 11:17,-1,12,17,0,NA,0,multi,49.339283,-122.89165,12,1,0
3,2018,8,31,12053,12,13,50.8167,-127.488016,50.816833,-127.487866,2018-08-31 12:33,2018-08-31 13:40,0,12,25,1,NA,1,multi,50.8167,-127.488016,12,1,0
3,2018,8,31,12057,12,13,50.822516,-127.5136,50.8232,-127.513433,2018-08-31 14:27,2018-08-31 15:57,-2,13,21,1,NA,1,multi,50.822516,-127.5136,13,1,0
3,2018,8,31,12062,12,13,50.82935,-127.506716,50.829266,-127.506783,2018-08-31 10:30,2018-08-31 11:29,-1,12,21,0,NA,0,multi,50.82935,-127.506716,12,1,0
3,2018,8,31,12094,12,13,50.837566,-127.52735,50.837483,-127.528333,2018-08-31 8:10,2018-08-31 9:27,-1,12,21,0,NA,0,multi,50.837566,-127.52735,12,1,0
5,2020,8,31,28002,28,11,49.291583,-122.943966,49.290733,-122.944116,2020-08-31 10:13,2020-08-31 11:12,0,10,20,0,NA,0,multi,49.291583,-122.943966,10,1,0
5,2020,8,31,28IA01,28,11,49.29545,-122.990383,49.2949,-122.989683,2020-08-31 8:06,2020-08-31 8:58,-1,12,19,0,NA,0,multi,49.29545,-122.990383,12,1,0
5,2020,8,31,28001,28,6,49.338416,-123.245183,49.3389,-123.24505,2020-08-31 12:17,2020-08-31 13:07,-2,12,22,0,NA,0,multi,49.338416,-123.245183,12,1,0
